-- MySQL dump 10.16  Distrib 10.1.34-MariaDB, for debian-linux-gnu (x86_64)
--
-- Host: localhost    Database: sa_shop_finder
-- ------------------------------------------------------
-- Server version	10.1.34-MariaDB-0ubuntu0.18.04.1

/*!40101 SET @OLD_CHARACTER_SET_CLIENT=@@CHARACTER_SET_CLIENT */;
/*!40101 SET @OLD_CHARACTER_SET_RESULTS=@@CHARACTER_SET_RESULTS */;
/*!40101 SET @OLD_COLLATION_CONNECTION=@@COLLATION_CONNECTION */;
/*!40101 SET NAMES utf8mb4 */;
/*!40103 SET @OLD_TIME_ZONE=@@TIME_ZONE */;
/*!40103 SET TIME_ZONE='+00:00' */;
/*!40014 SET @OLD_UNIQUE_CHECKS=@@UNIQUE_CHECKS, UNIQUE_CHECKS=0 */;
/*!40014 SET @OLD_FOREIGN_KEY_CHECKS=@@FOREIGN_KEY_CHECKS, FOREIGN_KEY_CHECKS=0 */;
/*!40101 SET @OLD_SQL_MODE=@@SQL_MODE, SQL_MODE='NO_AUTO_VALUE_ON_ZERO' */;
/*!40111 SET @OLD_SQL_NOTES=@@SQL_NOTES, SQL_NOTES=0 */;

--
-- Table structure for table `points_of_interest`
--

DROP TABLE IF EXISTS `points_of_interest`;
/*!40101 SET @saved_cs_client     = @@character_set_client */;
/*!40101 SET character_set_client = utf8 */;
CREATE TABLE `points_of_interest` (
  `poi_id` mediumint(9) NOT NULL AUTO_INCREMENT,
  `osm_id` varchar(11) NOT NULL,
  `longitude` double NOT NULL,
  `latitude` double NOT NULL,
  `name` varchar(255) NOT NULL,
  PRIMARY KEY (`poi_id`)
) ENGINE=InnoDB AUTO_INCREMENT=128 DEFAULT CHARSET=utf8;
/*!40101 SET character_set_client = @saved_cs_client */;

--
-- Dumping data for table `points_of_interest`
--

LOCK TABLES `points_of_interest` WRITE;
/*!40000 ALTER TABLE `points_of_interest` DISABLE KEYS */;
INSERT INTO `points_of_interest` VALUES (1,'N107935777',47.0450591,15.4383252,'Puchmuseum'),(2,'N242810686',47.0699167,15.4961983,'Lustbühel'),(3,'N270331167',47.0275455,15.3695127,'Bildföhre'),(4,'N327378863',47.0694359,15.4414453,'Hl. Johannes v. Nep.'),(5,'N446861548',47.073698,15.4373113,'Märchengrottenbahn'),(6,'N492011123',47.0762864,15.3924939,'Universalmuseum Joanneum - Lapidarium'),(7,'N492011184',47.0763704,15.3926306,'Universalmuseum Joanneum - Archäologie'),(8,'N492011471',47.0738175,15.3916786,'Universalmuseum Joanneum - Alte Galerie, Münzkabinett'),(9,'N853676125',47.0831988,15.4614158,'Kletterpark Hilmteich'),(10,'N853851163',47.0722584,15.4413771,'Alte Universität'),(11,'N890451541',47.0777425,15.4494915,'Kriminalmuseum'),(12,'N893020130',47.0732288,15.4378757,'Bürgerbastei'),(13,'N893020131',47.0750964,15.436844,'Stallbastei'),(14,'N963179447',47.0688549,15.4448527,'Lichtschwert'),(15,'N982622817',47.0766154,15.4592223,'Admiral Wilhelm von Tegetthoff'),(16,'N987132207',47.0731499,15.4395092,'Türke'),(17,'N995938131',47.0716982,15.4417555,'Diözesanmuseum Graz'),(18,'N999516246',47.0698025,15.4398828,'Landeszeughaus'),(19,'N1029617830',47.0726561,15.4365183,'GrazMuseum'),(20,'N1098016182',47.0711649,15.4413417,'Glockenspiel'),(21,'N1148818216',47.0738605,15.4375987,'Schloßberglift Aussichtsplattform'),(22,'N1416935844',47.0712258,15.4458089,'Joseph Marx'),(23,'N1453508759',47.0760404,15.4411352,'Ehrenring'),(24,'N1480245969',47.0633694,15.4271207,'Die Klangsäule'),(25,'N1487901646',47.0682728,15.4433259,'Kaiser Joseph II.'),(26,'N1610911578',47.0718296,15.4420387,'Landplagenbild'),(27,'N1614117212',47.0713017,15.4402326,'Robert-Stolz-Museum'),(28,'N1688850479',47.0778208,15.4291329,'Schell Collection'),(29,'N1746477577',47.0728913,15.4426918,'Grazer Stadtkern'),(30,'N1756455007',47.0733371,15.4375926,'Dr. Karl Renner'),(31,'N1756455011',47.0699574,15.4392005,'Faun mit Weitblick'),(32,'N1756455012',47.0747218,15.4368139,'Hans Kloepfer'),(33,'N1756455017',47.0688455,15.445531,'Ludwig van Beethoven'),(34,'N1756455030',47.0688194,15.44527,'Professor Dr. Eduard Speck'),(35,'N1756455083',47.0689031,15.4454059,'Richard Wagner'),(36,'N1837534428',47.1033736,15.4155204,'Universalmuseum Joanneum - Studienzentrum Naturkunde'),(37,'N1915346803',47.0666653,15.4670978,'Froschkönigbrunnen'),(38,'N1936662693',47.0708872,15.4424893,'ESC'),(39,'N2400327948',47.0723086,15.4434881,'Insektenhotel'),(40,'N2400327952',47.073374,15.4450618,'Libelle'),(41,'N2484925381',47.0707074,15.4293805,'DruckZeug'),(42,'N2608842447',47.0739854,15.4489447,'kunst.wirt.schaft'),(43,'N2858407366',47.0696686,15.4289936,'Sankt Andrä Kirche'),(44,'N2952095965',47.0754708,15.4368941,'ARTSAT'),(45,'N3397840163',47.080054,15.4479077,'Spiral of Life'),(46,'N3634139112',47.0736614,15.4415049,'Grazer Spielzeugmuseum'),(47,'N3950765398',47.0717855,15.4314769,'Johannes von Gott'),(48,'N3950765399',47.0718523,15.4313574,'Johannes von Gott'),(49,'N4237317721',47.0718475,15.4412347,'Schneemann'),(50,'N4301224957',47.0725403,15.4367764,'Museum im Palais'),(51,'N4371176025',47.0770045,15.4367152,'Gotisches Tor'),(52,'N4639650466',47.0733045,15.414233,'GEMEC- Eisenbahn Club'),(53,'W23786584',47.0731602,15.4345854,'Murinsel'),(54,'W29714856',47.0684567,15.4375001,'Universalmuseum Joanneum'),(55,'W29714953',47.0717396,15.44458,'Haus für Kunst und Medien'),(56,'W84579396',47.0721606,15.4430515,'Burgtor'),(57,'W84579399',47.0750288,15.4397023,'Volkskundemuseum'),(58,'W85220561',47.0697247,15.4393316,'Landhaus'),(59,'W86174340',47.0713028,15.4340129,'Kunsthaus'),(60,'W87311939',47.0631461,15.4362357,'Kindermuseum FRida & freD'),(61,'W87311950',47.0626125,15.437541,'Museum der Wahrnehmung'),(62,'W98928218',47.0703614,15.4386693,'Rathaus'),(63,'W122074496',47.0759728,15.4371984,'Glockenturm'),(64,'W122261332',47.0710321,15.4381174,'Erzherzog-Johann-Brunnen'),(65,'W131410767',47.0729212,15.4410363,'Kaiser Franz I. von Österreich'),(66,'W132756293',47.070324,15.4959481,'Schloss Lustbühel'),(67,'W179944983',47.1056129,15.4889515,'Tramwaymuseum'),(68,'W190122615',47.073537,15.4377297,'Uhrturm'),(69,'W385927810',47.0713269,15.434,'Friendly Alien'),(70,'W425806686',47.0727124,15.4427845,'Doppelwendeltreppe'),(71,'W479810483',47.0826348,15.4608349,'Waldschule');
/*!40000 ALTER TABLE `points_of_interest` ENABLE KEYS */;
UNLOCK TABLES;

--
-- Table structure for table `shop_categories`
--

DROP TABLE IF EXISTS `shop_categories`;
/*!40101 SET @saved_cs_client     = @@character_set_client */;
/*!40101 SET character_set_client = utf8 */;
CREATE TABLE `shop_categories` (
  `category_id` mediumint(9) NOT NULL AUTO_INCREMENT,
  `name` varchar(255) NOT NULL,
  PRIMARY KEY (`category_id`),
  UNIQUE KEY `name` (`name`)
) ENGINE=InnoDB AUTO_INCREMENT=160 DEFAULT CHARSET=utf8;
/*!40101 SET character_set_client = @saved_cs_client */;

--
-- Dumping data for table `shop_categories`
--

LOCK TABLES `shop_categories` WRITE;
/*!40000 ALTER TABLE `shop_categories` DISABLE KEYS */;
INSERT INTO `shop_categories` VALUES (130,'3d'),(84,'alcohol'),(39,'alteration'),(71,'antiques'),(72,'art'),(112,'arts'),(131,'baby_goods'),(81,'bag'),(2,'bakery'),(126,'bathroom_furnishing'),(20,'beauty'),(85,'bed'),(27,'beverages'),(10,'bicycle'),(147,'boat:parts'),(16,'books'),(50,'boutique'),(14,'butcher'),(95,'cannabis'),(76,'car'),(122,'carpet'),(92,'car_parts'),(68,'car_repair'),(107,'charity'),(140,'cheese'),(11,'chemist'),(32,'clothes'),(48,'coffee'),(148,'coffee_machines'),(132,'coins'),(41,'computer'),(40,'confectionery'),(17,'convenience'),(30,'copyshop'),(108,'cosmetics'),(145,'craft'),(138,'cupcakes'),(155,'curtain'),(5,'deli'),(3,'department_store'),(59,'dessous'),(6,'doityourself'),(22,'dry_cleaning'),(151,'e-cigarette'),(29,'electronics'),(109,'erotic'),(77,'estate_agent'),(94,'fabric'),(49,'fairtrade'),(136,'farm'),(137,'fashion'),(119,'fire_extinguishers'),(120,'fire_extinguisher_service'),(101,'fishing'),(83,'fishmonger'),(18,'florist'),(61,'frame'),(103,'funeral_directors'),(8,'furniture'),(158,'games'),(64,'garden_centre'),(60,'general'),(15,'gift'),(125,'glaziery'),(38,'gloves'),(110,'gold'),(66,'greengrocer'),(4,'hairdresser'),(143,'hairdresser_supply'),(44,'hardware'),(37,'hats'),(33,'hearing_aids'),(98,'hifi'),(116,'honey'),(42,'household'),(69,'houseware'),(91,'hunting'),(45,'ice_cream'),(150,'infrared'),(78,'insurance'),(89,'interior_decoration'),(36,'jewelry'),(55,'key'),(129,'kids'),(13,'kiosk'),(57,'kitchen'),(113,'knives'),(62,'lamps'),(47,'laundry'),(135,'lawn-mower'),(51,'leather'),(152,'locks'),(43,'massage'),(114,'medical_supply'),(7,'mobile_phone'),(88,'model'),(34,'motorcycle'),(46,'music'),(74,'musical_instrument'),(52,'newsagent'),(12,'no'),(134,'nutrition_supplements'),(26,'optician'),(141,'organic'),(128,'orthopaedics'),(28,'outdoor'),(90,'paint'),(80,'pastry'),(144,'pawnbroker'),(139,'pelts'),(127,'perfumery'),(124,'pet'),(86,'pet_food'),(146,'pet_hairdresser'),(54,'photo'),(67,'photo_studio'),(93,'print_office'),(157,'radiotechnics'),(123,'records'),(115,'religion'),(111,'scuba_diving'),(25,'seafood'),(65,'second_hand'),(100,'sewing_machines'),(133,'shavers'),(24,'shoes'),(63,'shoe_repair'),(106,'skateboard'),(156,'software solutions'),(70,'solarium'),(153,'speciality'),(56,'spices'),(35,'sports'),(79,'stamps'),(19,'stationery'),(1,'supermarket'),(23,'tabacco'),(53,'tailor'),(96,'tattoo'),(97,'tea'),(99,'ticket'),(121,'tobacco'),(31,'toys'),(21,'travel_agency'),(159,'tyres'),(58,'variety_store'),(73,'video'),(149,'video_games'),(87,'video_restore'),(104,'vine'),(9,'vinothek'),(75,'watch'),(117,'water_sports'),(142,'weapons'),(154,'windows'),(102,'window_blind'),(82,'wine'),(118,'yes'),(105,'zips');
/*!40000 ALTER TABLE `shop_categories` ENABLE KEYS */;
UNLOCK TABLES;

--
-- Table structure for table `shop_has_categories`
--

DROP TABLE IF EXISTS `shop_has_categories`;
/*!40101 SET @saved_cs_client     = @@character_set_client */;
/*!40101 SET character_set_client = utf8 */;
CREATE TABLE `shop_has_categories` (
  `id` mediumint(9) NOT NULL AUTO_INCREMENT,
  `shop_id` mediumint(9) NOT NULL,
  `category_id` mediumint(9) NOT NULL,
  PRIMARY KEY (`id`),
  UNIQUE KEY `shop_id` (`shop_id`,`category_id`),
  KEY `category_id` (`category_id`),
  CONSTRAINT `shop_has_categories_ibfk_1` FOREIGN KEY (`shop_id`) REFERENCES `shops` (`shop_id`),
  CONSTRAINT `shop_has_categories_ibfk_2` FOREIGN KEY (`category_id`) REFERENCES `shop_categories` (`category_id`)
) ENGINE=InnoDB AUTO_INCREMENT=1521 DEFAULT CHARSET=utf8;
/*!40101 SET character_set_client = @saved_cs_client */;

--
-- Dumping data for table `shop_has_categories`
--

LOCK TABLES `shop_has_categories` WRITE;
/*!40000 ALTER TABLE `shop_has_categories` DISABLE KEYS */;
INSERT INTO `shop_has_categories` VALUES (1,1,1),(2,2,1),(3,3,1),(4,4,1),(5,5,1),(6,6,2),(7,7,1),(8,8,1),(9,9,3),(10,10,4),(11,11,5),(12,13,1),(13,14,2),(14,15,2),(15,16,6),(16,17,4),(17,18,7),(18,19,1),(19,20,1),(20,21,2),(21,22,8),(22,23,1),(23,24,4),(24,25,2),(25,26,9),(26,27,9),(27,28,10),(28,29,11),(29,30,2),(30,31,12),(31,32,2),(32,33,13),(33,34,10),(34,35,14),(35,36,15),(36,37,16),(37,38,1),(38,39,10),(39,40,13),(40,41,17),(41,42,1),(42,43,18),(43,44,1),(44,45,4),(45,46,13),(46,47,1),(47,48,1),(48,49,1),(49,50,11),(50,51,1),(51,52,1),(52,53,1),(53,54,1),(54,55,1),(55,56,1),(56,57,1),(57,58,1),(58,59,1),(59,60,1),(60,61,1),(61,62,1),(62,63,1),(63,64,1),(64,65,17),(65,66,1),(66,67,1),(67,68,1),(68,69,1),(69,70,1),(70,71,19),(71,72,11),(72,73,1),(73,75,17),(74,76,17),(75,78,20),(76,79,21),(77,80,22),(78,81,23),(79,82,4),(80,83,18),(81,84,24),(82,85,25),(83,86,26),(84,87,24),(85,88,2),(86,89,27),(87,90,13),(88,91,18),(89,92,2),(90,93,28),(91,94,29),(92,96,20),(93,97,30),(94,98,8),(95,100,13),(96,101,16),(97,101,19),(98,102,26),(99,103,16),(100,104,31),(101,105,32),(102,106,33),(103,107,2),(104,108,34),(105,109,35),(106,110,36),(107,111,32),(108,112,32),(109,113,32),(110,114,32),(111,116,37),(112,116,38),(113,117,2),(114,118,32),(115,119,30),(116,120,2),(117,122,39),(118,123,13),(119,124,40),(120,125,34),(121,126,41),(122,127,13),(123,128,42),(124,130,8),(125,131,35),(126,132,2),(127,133,43),(128,134,28),(129,138,1),(130,140,10),(131,141,10),(132,142,2),(133,143,2),(134,144,19),(135,146,42),(136,147,16),(137,148,30),(138,149,2),(139,150,20),(140,151,44),(141,153,4),(142,154,45),(143,155,19),(144,156,46),(145,157,2),(146,158,26),(147,159,45),(148,160,10),(149,161,24),(150,162,4),(151,164,31),(152,165,47),(153,166,26),(154,167,32),(155,168,24),(156,169,35),(157,170,24),(158,171,18),(159,172,42),(160,173,4),(161,174,40),(162,175,7),(163,176,48),(164,177,4),(165,178,32),(166,179,26),(167,180,32),(168,181,21),(169,182,16),(170,183,32),(171,184,49),(172,185,50),(173,186,32),(174,187,51),(175,188,1),(176,189,5),(177,193,52),(178,195,24),(179,197,32),(180,198,16),(181,199,53),(182,200,2),(183,201,24),(184,202,11),(185,203,4),(186,204,54),(187,205,24),(188,206,31),(189,207,55),(190,208,13),(191,209,2),(192,210,53),(193,211,18),(194,212,18),(195,214,11),(196,215,1),(197,216,33),(198,217,32),(199,218,1),(200,219,17),(201,220,13),(202,222,24),(203,223,11),(204,224,4),(205,225,18),(206,227,11),(207,231,56),(208,232,4),(209,233,32),(210,234,26),(211,235,57),(212,236,32),(213,237,2),(214,238,58),(215,239,59),(216,240,11),(217,241,21),(218,242,32),(219,243,17),(220,244,7),(221,245,4),(222,246,58),(223,247,32),(224,248,7),(225,249,7),(226,250,1),(227,252,7),(228,253,1),(229,254,1),(230,255,16),(231,256,2),(232,257,32),(233,258,2),(234,259,60),(235,260,17),(236,261,36),(237,262,32),(238,263,61),(239,264,62),(240,265,24),(241,266,63),(242,267,36),(243,268,32),(244,269,13),(245,270,4),(246,271,17),(247,272,19),(248,273,16),(249,274,64),(250,275,4),(251,276,52),(252,277,10),(253,278,18),(254,279,14),(255,280,65),(256,282,14),(257,283,2),(258,284,18),(259,285,10),(260,286,18),(261,287,2),(262,288,2),(263,290,4),(264,292,14),(265,293,4),(266,294,32),(267,295,65),(268,296,2),(269,297,2),(270,298,18),(271,301,12),(272,302,8),(273,303,66),(274,305,4),(275,306,1),(276,307,1),(277,308,17),(278,309,14),(279,310,2),(280,311,2),(281,312,24),(282,313,33),(283,314,67),(284,315,32),(285,316,4),(286,317,10),(288,318,7),(287,318,10),(289,319,17),(290,320,41),(291,321,19),(292,322,17),(293,323,26),(294,324,32),(295,325,17),(296,326,68),(297,327,69),(298,328,19),(299,329,17),(300,330,2),(301,331,12),(302,332,47),(303,334,4),(304,335,4),(305,336,4),(306,337,52),(307,338,11),(308,340,2),(309,341,2),(310,343,32),(311,344,32),(312,346,7),(313,347,4),(314,348,4),(315,349,13),(316,350,4),(317,352,53),(318,353,70),(319,354,20),(320,356,18),(321,357,4),(322,358,2),(323,360,13),(324,361,2),(325,363,17),(326,364,4),(327,365,10),(328,366,42),(329,367,4),(330,369,17),(331,370,32),(332,371,32),(333,372,32),(334,373,32),(335,374,17),(336,375,4),(337,376,17),(338,378,52),(339,379,71),(340,380,20),(341,381,32),(342,382,11),(343,383,32),(344,384,32),(345,385,4),(346,386,72),(347,387,6),(348,388,2),(349,389,26),(350,390,20),(351,391,4),(352,392,73),(353,393,4),(354,394,74),(355,395,4),(356,396,11),(357,397,40),(358,398,32),(359,399,44),(360,400,72),(361,401,32),(362,402,37),(363,403,32),(364,404,32),(365,405,32),(366,406,75),(367,407,11),(368,408,32),(369,409,36),(370,410,76),(371,411,4),(372,412,11),(373,413,15),(374,414,32),(375,415,32),(376,421,32),(377,422,32),(378,423,32),(379,424,4),(380,426,32),(381,427,4),(382,428,4),(383,429,32),(384,430,32),(385,431,32),(386,432,32),(387,435,10),(388,436,4),(389,437,32),(390,438,2),(391,440,32),(392,441,4),(393,442,4),(394,443,32),(395,444,1),(396,445,4),(397,446,77),(398,447,32),(399,449,2),(400,450,32),(401,451,32),(402,452,4),(403,453,29),(404,454,2),(405,455,4),(406,456,32),(407,457,4),(408,459,32),(409,460,32),(410,461,32),(411,462,32),(412,463,78),(413,464,32),(414,465,32),(415,466,32),(416,467,32),(417,468,32),(418,469,32),(419,470,32),(420,471,32),(421,472,32),(422,473,32),(423,474,4),(424,475,4),(425,476,79),(426,477,4),(427,478,36),(428,479,36),(429,480,32),(430,481,11),(431,482,74),(432,483,77),(433,484,11),(434,486,44),(435,487,32),(436,488,32),(437,489,80),(438,490,11),(439,491,36),(440,492,32),(441,493,32),(442,494,32),(443,495,17),(444,496,32),(445,497,17),(446,498,79),(447,499,32),(448,500,36),(449,501,32),(450,502,32),(451,503,16),(452,504,32),(453,505,4),(454,506,18),(455,507,81),(456,508,4),(457,509,22),(458,510,4),(459,511,18),(460,514,1),(461,515,4),(462,516,1),(463,517,40),(464,518,19),(465,519,26),(466,520,82),(467,521,40),(468,522,4),(469,525,83),(470,526,4),(471,527,4),(472,528,2),(473,529,21),(474,531,4),(475,532,13),(476,533,17),(477,534,32),(478,535,20),(479,536,84),(480,537,10),(481,538,18),(482,539,11),(483,540,24),(484,541,32),(485,542,32),(486,543,85),(487,544,11),(488,545,32),(489,546,86),(490,547,32),(491,548,4),(492,549,16),(493,549,19),(494,550,35),(495,551,32),(496,552,58),(497,553,13),(498,554,18),(499,555,2),(500,556,17),(501,557,21),(502,558,17),(503,559,11),(504,560,78),(505,561,11),(506,562,4),(507,563,13),(508,565,87),(509,566,53),(510,567,65),(511,568,2),(512,569,22),(513,570,4),(514,571,17),(515,573,4),(516,574,2),(517,575,88),(518,576,48),(519,577,40),(520,578,21),(521,580,44),(522,581,53),(523,582,70),(524,583,13),(525,585,10),(526,586,89),(527,590,30),(528,591,2),(529,593,90),(530,594,91),(531,595,2),(532,596,8),(533,597,10),(534,598,10),(535,600,92),(536,601,32),(537,602,32),(538,603,32),(539,604,32),(540,605,32),(541,606,32),(542,607,36),(543,608,14),(544,609,32),(545,610,4),(546,611,26),(547,612,4),(548,613,92),(549,614,68),(550,616,43),(551,617,2),(552,618,4),(553,619,4),(554,623,93),(555,624,77),(556,625,41),(557,627,4),(558,628,29),(559,629,32),(560,630,17),(561,631,68),(562,632,76),(563,633,32),(564,634,32),(565,635,17),(566,636,4),(567,637,32),(568,638,27),(569,639,26),(570,640,26),(571,641,8),(572,643,66),(573,644,26),(574,645,94),(575,646,4),(576,647,32),(577,648,32),(578,649,4),(579,650,32),(580,651,32),(581,652,4),(582,653,10),(583,654,32),(584,655,32),(585,656,32),(586,657,81),(587,658,32),(588,659,36),(589,660,32),(590,662,11),(591,663,29),(592,664,32),(593,665,2),(594,666,8),(595,667,32),(596,668,53),(597,669,11),(598,670,17),(599,671,7),(600,672,4),(601,673,32),(602,674,4),(603,675,8),(604,676,72),(605,677,81),(606,678,65),(607,679,29),(608,680,32),(609,681,32),(610,682,20),(611,683,32),(612,684,13),(613,685,68),(614,686,18),(615,687,17),(616,688,40),(617,689,48),(618,690,36),(619,691,13),(620,693,4),(621,694,95),(622,695,41),(623,697,53),(624,698,22),(625,699,32),(626,700,90),(627,701,7),(628,702,24),(629,703,96),(630,704,32),(631,705,13),(632,706,36),(633,708,11),(634,709,4),(635,710,32),(636,711,54),(637,712,32),(638,713,32),(639,714,32),(640,715,24),(641,716,32),(642,717,6),(643,718,36),(644,719,67),(645,720,81),(646,721,97),(647,722,13),(648,723,21),(649,724,44),(650,725,5),(651,726,2),(652,727,98),(653,728,10),(654,729,4),(655,730,32),(656,731,99),(657,732,32),(658,733,32),(659,734,32),(660,735,32),(661,736,4),(662,737,32),(663,738,32),(664,739,16),(665,740,13),(666,741,4),(667,742,10),(668,743,41),(669,744,100),(670,745,67),(671,746,11),(672,747,22),(673,748,1),(674,749,32),(675,750,34),(676,751,68),(677,752,26),(678,753,101),(679,754,98),(680,755,33),(681,756,8),(682,757,102),(683,759,17),(684,760,4),(685,761,58),(686,763,7),(687,764,32),(688,765,30),(689,766,22),(690,767,41),(691,768,4),(692,769,2),(693,770,13),(694,771,7),(695,772,20),(696,773,22),(697,774,20),(698,775,13),(699,776,13),(700,777,1),(701,778,65),(702,780,7),(703,781,7),(704,782,66),(705,783,10),(706,784,32),(707,785,32),(708,786,4),(709,787,40),(710,788,39),(711,789,32),(712,790,103),(713,791,4),(714,792,17),(715,793,39),(716,794,104),(717,794,105),(718,795,8),(719,796,4),(720,797,32),(721,798,22),(722,799,11),(723,800,76),(724,801,90),(725,803,78),(726,804,78),(727,805,106),(728,806,35),(729,807,35),(730,808,18),(731,809,74),(732,810,32),(733,811,72),(734,812,72),(735,813,100),(736,814,46),(737,815,36),(738,816,15),(739,817,36),(740,818,4),(741,819,72),(742,820,32),(743,821,107),(744,822,36),(745,823,4),(746,825,8),(747,826,104),(748,827,26),(749,828,90),(750,829,78),(751,830,22),(752,831,64),(753,832,8),(754,833,21),(755,834,70),(756,835,17),(757,836,41),(758,837,26),(759,838,2),(760,839,32),(761,840,24),(762,841,4),(763,842,13),(764,843,61),(765,844,4),(766,845,1),(767,846,32),(768,847,2),(769,848,40),(770,849,8),(771,850,7),(772,851,22),(773,852,18),(774,853,20),(775,854,4),(776,855,4),(777,856,53),(778,857,34),(779,858,8),(780,860,78),(781,861,8),(782,862,68),(783,863,8),(784,864,13),(785,865,17),(786,866,29),(787,867,17),(788,868,14),(789,869,18),(790,870,17),(791,871,4),(792,872,32),(793,873,4),(794,874,53),(795,875,2),(796,876,17),(797,877,108),(798,878,32),(799,879,63),(800,880,32),(801,881,32),(802,882,32),(803,883,29),(804,884,99),(805,885,109),(806,886,32),(807,887,2),(808,888,65),(809,889,110),(810,890,7),(811,891,41),(812,893,4),(813,895,57),(814,896,32),(815,897,67),(816,898,4),(817,899,111),(818,900,2),(819,901,112),(820,904,4),(821,905,57),(822,906,1),(823,907,20),(824,908,20),(825,909,32),(826,910,2),(827,911,32),(828,912,2),(829,913,44),(830,914,4),(831,915,26),(832,916,70),(833,917,17),(834,918,4),(835,919,10),(836,920,8),(837,921,32),(838,922,17),(839,923,2),(840,924,113),(841,925,1),(842,926,4),(843,927,5),(844,928,76),(845,929,78),(846,930,76),(847,932,17),(848,933,17),(849,934,114),(850,935,114),(851,936,8),(852,937,40),(853,938,5),(854,939,7),(855,941,115),(856,942,20),(857,943,10),(858,944,116),(859,945,24),(860,946,26),(861,947,117),(862,948,118),(863,948,119),(864,948,120),(865,949,30),(866,950,69),(867,951,90),(868,952,6),(869,953,44),(870,954,4),(871,957,121),(872,958,2),(873,959,2),(874,960,7),(875,961,41),(876,962,122),(877,963,36),(878,964,98),(879,965,32),(880,966,34),(881,967,2),(882,969,20),(883,970,8),(884,972,7),(885,973,31),(886,974,4),(887,975,4),(888,976,26),(889,977,32),(890,978,32),(891,979,32),(892,980,123),(893,981,32),(894,982,32),(895,983,32),(896,984,32),(897,985,32),(898,986,14),(899,987,53),(900,988,20),(901,990,36),(902,991,57),(903,992,34),(904,993,8),(905,994,82),(906,995,66),(907,996,4),(909,997,30),(908,997,67),(910,998,41),(911,999,41),(912,1000,15),(913,1001,4),(914,1002,26),(915,1003,24),(916,1004,32),(917,1005,4),(918,1006,16),(919,1007,31),(920,1008,4),(921,1009,32),(922,1010,32),(923,1011,32),(924,1012,36),(925,1013,32),(926,1014,32),(927,1015,4),(928,1017,24),(929,1018,24),(930,1019,36),(931,1020,11),(932,1021,20),(933,1022,21),(934,1023,11),(935,1024,32),(936,1025,35),(937,1026,68),(938,1027,90),(939,1028,4),(940,1030,68),(941,1031,57),(942,1032,124),(943,1033,92),(944,1034,92),(945,1035,125),(946,1036,92),(947,1037,34),(948,1038,67),(949,1039,2),(950,1040,8),(951,1041,64),(952,1042,126),(953,1043,29),(954,1044,4),(955,1048,24),(956,1049,71),(957,1050,32),(958,1051,21),(959,1052,85),(960,1053,21),(961,1055,33),(962,1056,53),(963,1057,65),(964,1059,21),(965,1060,32),(966,1061,89),(967,1062,32),(968,1063,58),(969,1064,36),(970,1065,20),(971,1066,85),(972,1067,36),(973,1068,127),(974,1069,32),(975,1070,72),(976,1071,32),(977,1072,26),(978,1073,20),(979,1074,4),(980,1075,32),(981,1076,81),(982,1077,108),(983,1078,76),(984,1079,76),(985,1080,39),(986,1081,35),(987,1082,17),(988,1083,50),(989,1084,4),(990,1085,7),(991,1087,15),(992,1088,63),(993,1089,50),(994,1090,94),(995,1091,50),(996,1092,21),(997,1093,13),(998,1094,32),(999,1095,15),(1000,1096,71),(1001,1097,32),(1002,1098,35),(1003,1099,85),(1004,1100,4),(1005,1101,13),(1006,1102,43),(1007,1103,32),(1008,1104,24),(1009,1105,32),(1010,1106,18),(1011,1107,32),(1012,1108,32),(1013,1109,32),(1014,1110,2),(1015,1111,50),(1016,1112,50),(1017,1113,32),(1018,1114,32),(1019,1115,22),(1020,1116,24),(1021,1117,15),(1022,1118,32),(1023,1119,32),(1024,1120,42),(1025,1121,49),(1026,1122,24),(1027,1123,20),(1028,1124,15),(1029,1125,15),(1030,1127,29),(1031,1128,24),(1032,1129,110),(1033,1131,40),(1034,1132,71),(1035,1133,40),(1036,1134,32),(1037,1135,32),(1038,1136,128),(1039,1137,85),(1040,1138,36),(1041,1139,72),(1042,1140,74),(1043,1141,36),(1044,1142,107),(1045,1143,11),(1046,1144,128),(1047,1145,129),(1048,1146,26),(1049,1149,54),(1050,1150,19),(1051,1151,11),(1052,1153,130),(1053,1154,121),(1054,1155,4),(1055,1156,35),(1056,1157,19),(1057,1158,32),(1058,1159,8),(1059,1160,124),(1060,1161,35),(1061,1162,131),(1062,1163,31),(1063,1164,29),(1064,1165,13),(1065,1166,11),(1066,1167,10),(1067,1168,4),(1068,1169,68),(1069,1170,103),(1070,1171,4),(1071,1173,68),(1072,1174,4),(1073,1175,89),(1074,1176,74),(1075,1177,132),(1076,1178,4),(1077,1179,133),(1078,1180,20),(1079,1181,21),(1080,1182,2),(1081,1183,82),(1082,1185,32),(1083,1186,4),(1084,1187,98),(1085,1188,16),(1086,1188,19),(1087,1189,4),(1088,1190,36),(1089,1191,32),(1090,1192,32),(1091,1193,122),(1092,1194,14),(1093,1195,21),(1094,1196,32),(1095,1197,17),(1096,1198,134),(1097,1199,19),(1098,1201,11),(1099,1202,4),(1100,1203,2),(1102,1204,48),(1101,1204,97),(1103,1205,32),(1104,1207,30),(1105,1209,20),(1106,1210,30),(1107,1212,10),(1108,1214,11),(1109,1216,135),(1110,1218,68),(1111,1219,41),(1112,1220,39),(1113,1223,85),(1114,1225,57),(1115,1226,35),(1116,1227,113),(1117,1228,18),(1118,1229,136),(1119,1230,2),(1120,1231,8),(1121,1232,11),(1122,1233,11),(1123,1234,17),(1124,1235,54),(1125,1236,10),(1126,1237,10),(1127,1238,24),(1128,1239,24),(1129,1240,137),(1130,1241,137),(1131,1242,137),(1132,1243,2),(1133,1245,137),(1134,1246,35),(1135,1247,11),(1136,1249,4),(1137,1250,31),(1138,1251,10),(1139,1252,136),(1140,1253,27),(1141,1254,1),(1142,1255,122),(1143,1256,44),(1144,1257,89),(1145,1258,32),(1146,1259,13),(1147,1260,4),(1148,1261,36),(1149,1262,20),(1150,1263,138),(1151,1264,6),(1152,1265,6),(1153,1266,40),(1154,1267,92),(1155,1268,68),(1156,1269,122),(1157,1270,4),(1158,1272,139),(1159,1273,71),(1160,1276,41),(1161,1277,20),(1162,1278,7),(1163,1279,32),(1164,1280,2),(1165,1281,7),(1166,1282,50),(1167,1284,124),(1168,1285,4),(1169,1287,90),(1170,1288,68),(1171,1289,8),(1172,1290,8),(1173,1291,96),(1174,1292,4),(1175,1293,71),(1176,1294,11),(1177,1295,24),(1178,1296,8),(1179,1297,18),(1180,1298,13),(1181,1299,13),(1182,1300,15),(1183,1301,140),(1184,1302,141),(1185,1303,141),(1186,1304,17),(1187,1305,4),(1188,1306,142),(1189,1307,17),(1190,1308,33),(1191,1309,143),(1192,1310,143),(1193,1311,21),(1194,1312,24),(1195,1313,74),(1196,1314,17),(1197,1315,7),(1198,1316,82),(1199,1317,72),(1200,1318,36),(1201,1319,62),(1202,1320,20),(1203,1321,33),(1204,1322,30),(1205,1323,41),(1206,1324,24),(1207,1325,44),(1208,1328,144),(1209,1329,1),(1210,1332,8),(1211,1333,89),(1212,1334,36),(1213,1335,32),(1214,1336,4),(1215,1337,46),(1216,1339,71),(1217,1340,71),(1218,1341,19),(1219,1343,4),(1220,1344,19),(1221,1345,16),(1222,1346,29),(1223,1347,30),(1224,1348,7),(1225,1349,145),(1226,1350,122),(1227,1351,36),(1228,1352,85),(1229,1353,125),(1230,1354,13),(1231,1356,64),(1232,1357,8),(1233,1358,146),(1234,1359,32),(1235,1360,41),(1236,1361,98),(1237,1362,74),(1238,1363,4),(1239,1365,94),(1240,1366,32),(1241,1367,10),(1242,1368,122),(1243,1369,36),(1244,1370,74),(1245,1371,10),(1246,1373,8),(1247,1374,32),(1248,1375,32),(1249,1376,32),(1250,1377,81),(1251,1378,14),(1252,1379,24),(1253,1380,57),(1254,1381,36),(1255,1383,68),(1256,1384,17),(1257,1385,147),(1258,1386,45),(1259,1387,1),(1260,1388,69),(1261,1389,148),(1262,1390,32),(1263,1391,24),(1264,1392,16),(1265,1393,76),(1266,1395,121),(1267,1396,21),(1268,1397,149),(1269,1398,149),(1270,1399,40),(1271,1402,32),(1272,1403,72),(1273,1404,74),(1274,1405,7),(1275,1406,20),(1276,1407,17),(1277,1408,22),(1278,1409,2),(1279,1410,68),(1280,1411,68),(1281,1412,4),(1282,1413,137),(1283,1415,16),(1284,1416,16),(1285,1417,36),(1286,1418,21),(1287,1419,40),(1288,1420,32),(1289,1421,71),(1290,1422,20),(1291,1423,94),(1292,1425,81),(1293,1426,127),(1294,1427,89),(1295,1428,36),(1296,1430,15),(1297,1431,36),(1298,1432,17),(1299,1433,2),(1300,1434,29),(1301,1435,17),(1302,1436,94),(1303,1437,4),(1304,1439,15),(1305,1440,33),(1306,1441,19),(1307,1443,50),(1308,1444,62),(1309,1445,89),(1310,1446,5),(1311,1448,62),(1312,1449,29),(1313,1450,30),(1314,1451,84),(1315,1452,71),(1316,1454,127),(1317,1456,36),(1318,1457,32),(1319,1458,71),(1320,1459,32),(1321,1460,8),(1322,1461,72),(1323,1462,4),(1324,1463,62),(1325,1464,40),(1326,1465,150),(1327,1466,81),(1328,1468,32),(1329,1469,32),(1330,1470,4),(1331,1471,121),(1332,1472,81),(1333,1473,72),(1334,1474,15),(1335,1475,72),(1336,1476,89),(1337,1477,72),(1338,1479,54),(1339,1480,8),(1340,1481,54),(1341,1482,89),(1342,1483,121),(1343,1484,72),(1344,1485,36),(1345,1486,17),(1346,1487,4),(1347,1488,43),(1348,1489,32),(1349,1492,36),(1350,1493,89),(1351,1494,4),(1352,1495,24),(1353,1496,32),(1354,1497,22),(1355,1498,125),(1356,1499,121),(1357,1500,121),(1358,1501,122),(1359,1502,20),(1360,1503,10),(1361,1504,4),(1362,1505,20),(1363,1506,69),(1364,1508,81),(1365,1509,20),(1366,1510,24),(1367,1511,96),(1368,1512,114),(1369,1513,4),(1370,1514,26),(1371,1515,121),(1372,1516,21),(1373,1517,4),(1374,1518,89),(1375,1519,24),(1376,1520,25),(1377,1522,103),(1378,1523,34),(1379,1524,41),(1380,1525,124),(1381,1526,4),(1382,1527,17),(1383,1528,6),(1384,1529,21),(1385,1530,108),(1386,1531,21),(1387,1532,41),(1388,1533,32),(1389,1534,151),(1390,1535,151),(1391,1536,151),(1392,1537,73),(1393,1538,26),(1394,1539,1),(1395,1540,1),(1396,1541,1),(1397,1542,152),(1398,1543,15),(1399,1544,16),(1400,1545,84),(1401,1546,89),(1402,1547,4),(1404,1548,20),(1403,1548,43),(1405,1549,4),(1406,1551,17),(1407,1552,18),(1408,1554,15),(1409,1555,2),(1410,1557,103),(1411,1558,11),(1412,1559,5),(1413,1560,96),(1414,1561,4),(1415,1563,30),(1416,1564,14),(1417,1565,82),(1418,1566,1),(1419,1567,30),(1420,1568,47),(1421,1569,4),(1422,1570,4),(1423,1571,136),(1424,1572,1),(1425,1573,50),(1426,1574,2),(1427,1575,18),(1428,1576,81),(1429,1577,77),(1430,1578,1),(1431,1580,5),(1432,1581,4),(1433,1582,4),(1434,1583,29),(1435,1585,2),(1436,1586,17),(1437,1587,153),(1438,1588,92),(1439,1589,92),(1440,1590,32),(1441,1592,7),(1442,1593,4),(1443,1594,2),(1444,1595,2),(1445,1596,154),(1446,1597,155),(1447,1598,64),(1448,1599,1),(1449,1600,2),(1450,1601,71),(1451,1602,17),(1452,1603,17),(1453,1604,156),(1454,1605,156),(1455,1606,11),(1456,1607,122),(1457,1608,30),(1458,1609,157),(1459,1610,89),(1460,1611,29),(1461,1612,36),(1462,1613,32),(1463,1614,32),(1464,1615,145),(1465,1616,32),(1466,1617,11),(1467,1618,18),(1468,1619,5),(1469,1620,140),(1470,1621,1),(1471,1622,99),(1472,1623,1),(1473,1624,1),(1474,1625,1),(1475,1626,13),(1476,1627,36),(1477,1628,52),(1478,1629,1),(1479,1630,20),(1480,1632,18),(1481,1633,4),(1482,1634,48),(1483,1635,1),(1484,1636,82),(1485,1637,2),(1486,1638,1),(1487,1639,32),(1488,1640,109),(1489,1641,20),(1490,1642,1),(1491,1643,17),(1492,1644,4),(1493,1647,1),(1494,1648,158),(1495,1649,21),(1496,1650,62),(1497,1651,8),(1498,1652,32),(1499,1653,51),(1500,1654,74),(1501,1655,1),(1502,1656,68),(1503,1657,68),(1504,1658,159),(1505,1659,41),(1506,1660,8),(1507,1661,24),(1508,1664,35),(1509,1666,8),(1510,1667,8),(1511,1668,43),(1512,1669,17),(1513,1670,21),(1514,1674,18),(1515,1675,11),(1516,1676,19),(1517,1677,2),(1518,1678,15),(1519,1679,15),(1520,1680,2);
/*!40000 ALTER TABLE `shop_has_categories` ENABLE KEYS */;
UNLOCK TABLES;

--
-- Table structure for table `shops`
--

DROP TABLE IF EXISTS `shops`;
/*!40101 SET @saved_cs_client     = @@character_set_client */;
/*!40101 SET character_set_client = utf8 */;
CREATE TABLE `shops` (
  `shop_id` mediumint(9) NOT NULL AUTO_INCREMENT,
  `osm_id` bigint(20) NOT NULL,
  `longitude` double NOT NULL,
  `latitude` double NOT NULL,
  `name` varchar(255) NOT NULL,
  `homepage` varchar(255) DEFAULT NULL,
  PRIMARY KEY (`shop_id`)
) ENGINE=InnoDB AUTO_INCREMENT=1681 DEFAULT CHARSET=utf8;
/*!40101 SET character_set_client = @saved_cs_client */;

--
-- Dumping data for table `shops`
--

LOCK TABLES `shops` WRITE;
/*!40000 ALTER TABLE `shops` DISABLE KEYS */;
INSERT INTO `shops` VALUES (1,20962297,15.4701174,47.0598329,'denn\'s Biomarkt','http://www.denns-biomarkt.at/'),(2,21306980,15.4786046,47.050611,'Billa',''),(3,31611256,15.4580967,47.0630084,'Billa',''),(4,31620673,15.4338704,47.0283173,'Merkur','https://www.merkurmarkt.at/marktplatz/ihr-einkauf/maerkte-und-oeffnungszeiten?'),(5,31620704,15.4644162,47.0399695,'Interspar',''),(6,31625408,15.4605827,47.0678349,'Philipp','http://www.konditorei-philipp.at'),(7,31625413,15.4446691,47.0611353,'Spar',''),(8,33054365,15.4729648,47.0787525,'Billa',''),(9,251710886,15.436746,47.0718813,'Kastner und Öhler','https://www.kastner-oehler.at/'),(10,251711051,15.4387456,47.0721305,'Mayer','http://www.menschmayer.at/salons-preise/'),(11,251711052,15.4412508,47.0707092,'Frankowitsch','http://www.frankowitsch.at/'),(12,255590647,15.4288158,47.0591033,'Citypark-Tankstelle',''),(13,262065341,15.4845805,47.0690799,'Unimarkt',''),(14,266657437,15.4511229,47.0632957,'Hubert Auer',''),(15,269063448,15.4029608,47.0707123,'Sorger',''),(16,271624001,15.4724158,47.0567095,'Schimautz','http://www.schimautz.at/'),(17,271626440,15.4731776,47.0556519,'Medved',''),(18,271626484,15.4739855,47.054798,'H.com',''),(19,277415713,15.4370267,47.064432,'Spar','https://www.spar.at'),(20,278473060,15.4410314,47.0665041,'Spar','https://www.spar.at'),(21,278641299,15.441261,47.067056,'Cafe Sorger','http://www.sorgerbrot.at/sorger-filialen.html'),(22,278691038,15.4427013,47.0699239,'BoConcept','https://www.boconcept.com/de-at/stores/find-your-local-store/austria/boconcept-graz'),(23,278691200,15.4441052,47.0674784,'Billa Corso','https://www.billa.at/'),(24,278903257,15.4419535,47.066683,'Klipp',''),(25,280171006,15.4326595,47.071113,'Cafe Sorger','http://www.sorgerbrot.at/'),(26,280171073,15.4395729,47.066756,'Wein & Co','http://www.weinco.at/standorte/alle-standorte/9361'),(27,280236650,15.4343741,47.0694638,'Der Steirer','http://www.der-steirer.at/'),(28,288172339,15.4084111,47.0718514,'ZEG - Roman Neubauer',''),(29,289182753,15.4656583,47.062993,'dm',''),(30,289182754,15.4658017,47.0628587,'Martin Auer',''),(31,289414403,15.4144717,47.1032105,'Kuss',''),(32,289440032,15.4555288,47.068699,'Hubert Auer','http://www.hubert-auer.at'),(33,290420485,15.4544972,47.0683651,'Trafik Spreitzhofer',''),(34,290422098,15.4551828,47.0674114,'Bicycle','www.bicycle.at'),(35,316419529,15.4438171,47.0671951,'Geflügel Draxler','http://www.gefluegel-draxler.at/'),(36,319117537,15.4243299,47.0730341,'Fotostudio Fritz Langmann','http://foto.fritz.st'),(37,321250793,15.4657424,47.0628173,'Libro',''),(38,327097865,15.4035643,47.0809613,'Billa',''),(39,344228490,15.4149109,47.104514,'Bikestore Graz Nord','http://www.bikestore.cc/info_pages.php/pages_id/36'),(40,344229378,15.4259162,47.1013143,'Tabak Trafik',''),(41,364371345,15.4328394,47.0824187,'Kornwaage','http://kornwaage.at/'),(42,366271309,15.4404713,47.0675619,'denn\'s Biomarkt',''),(43,366566726,15.4399109,47.0677598,'Blumen Hajek',''),(44,366566728,15.4379453,47.0704764,'Billa',''),(45,366568258,15.4462849,47.064893,'Hairgott','http://www.hairgott.cc'),(46,366573455,15.429113,47.0711313,'Trafik',''),(47,367079334,15.4672239,47.0795736,'Billa',''),(48,369399156,15.4265304,47.0513483,'Billa',''),(49,369511878,15.4471863,47.0662927,'Spar Markt','https://www.spar.at'),(50,369825069,15.4809449,47.1019417,'BIPA',''),(51,371194638,15.4587509,47.0755552,'Spar',''),(52,371194848,15.4485495,47.0711409,'Spar',''),(53,371196594,15.4385115,47.0549962,'Spar',''),(54,371197149,15.436889,47.071998,'Eurospar',''),(55,371197426,15.4419494,47.0692605,'Spar',''),(56,371197467,15.4337029,47.0811359,'Spar',''),(57,371202880,15.4285791,47.0717809,'Spar',''),(58,371203832,15.4096242,47.0729755,'Nah&Frisch Extra-Markt','http://www.brauhaus-graz.at/nah_frisch/index.html'),(59,371204222,15.4262521,47.0607948,'Interspar Hypermarkt',''),(60,371392798,15.4962908,47.0770538,'Spar','https://www.spar.at'),(61,371394846,15.4175451,47.0335282,'Interspar',''),(62,371395088,15.3993247,47.0181909,'Spar',''),(63,372405647,15.4425404,47.0640704,'Billa','https://www.billa.at'),(64,372409546,15.421635,47.1136356,'Billa',''),(65,372412070,15.4071377,47.0929559,'Billa',''),(66,372414302,15.4278941,47.0709558,'Billa',''),(67,372414702,15.4302029,47.0759409,'Billa','https://www.billa.at'),(68,372425895,15.429748,47.0668937,'Billa',''),(69,372479468,15.3971177,47.1055521,'Merkur',''),(70,382377318,15.4896664,47.0775809,'Penny Markt',''),(71,382380895,15.4655206,47.0642172,'Pagro','https://www.pagro.at/'),(72,382382612,15.4003266,47.0249612,'Bipa',''),(73,382384686,15.431064,47.0711379,'Penny Markt',''),(75,418715362,15.4446518,47.0780838,'Meislmichl','http://www.meislmichl.at'),(76,418715364,15.4444663,47.0769429,'Feinkost Lichtenegger',''),(78,446865252,15.4410765,47.0705125,'Fein und Flink','http://www.feinundflink.at/de/impressum/'),(79,446878966,15.4398326,47.0678385,'GRUBER Reisen','https://www.gruberreisen.at/reisebueros/graz/'),(80,465226767,15.4000794,47.0684371,'Textilreinigung Norge',''),(81,465226888,15.407191,47.0683287,'Tabak Trafik',''),(82,465226896,15.4014269,47.0682347,'Maria & Maria','http://www.mariaundmaria.at/standorte/graz-eckertstrasse-77'),(83,465228452,15.4010669,47.0676912,'Blumen Skofitsch',''),(84,478061669,15.4356432,47.0739037,'GEA',''),(85,560424402,15.4680507,47.0668305,'Sofisch',''),(86,604701256,15.4429368,47.0632695,'Wutscher Optik',''),(87,616898594,15.4381537,47.0718068,'Foot Locker',''),(88,616898598,15.438361,47.0717384,'Sorger',''),(89,669650728,15.4375207,47.0710195,'Jodl','http://www.jodl.cc/'),(90,817326113,15.3964634,47.0566701,'Trafik',''),(91,817326203,15.3962979,47.0566894,'Blumen Kreativ',''),(92,829114285,15.4342487,47.0707798,'Hubert Auer',''),(93,829114307,15.4244803,47.0722261,'Bergfuchs','http://www.bergfuchs.at/'),(94,829461876,15.4322077,47.066964,'Neuhold Elektronik',''),(96,831494299,15.4540415,47.0593886,'Fingernagelstudio Eva',''),(97,831723950,15.4603368,47.0586958,'Copy Shop','http://deincopyshop.htu.tugraz.at/'),(98,836868487,15.4407905,47.0686638,'Hästens','http://www.scandinaviandesignhouse.at'),(100,847359443,15.4420237,47.0672563,'Trafik Widakowich',''),(101,847359505,15.4452275,47.0668069,'Libro',''),(102,847359538,15.4427902,47.0695902,'Brillenquartier','http://brillenquartier.at'),(103,847359579,15.4369811,47.0712514,'Libro','https://www.libro.at/'),(104,847359588,15.4441462,47.0678809,'Spielzeugwelt Rieger Puchebner','www.rieger-puchebner.at'),(105,847359599,15.4375042,47.0713485,'H&M','http://www.hm.com/at'),(106,847359664,15.4335519,47.0712324,'Neuroth Graz, Haus des Hörens','http://www.neuroth.at/'),(107,847359666,15.4467809,47.0662509,'Martin Auer',''),(108,847702371,15.408547,47.0474734,'Motorrad Klug','http://klug.at'),(109,847793446,15.4155475,47.0341599,'SportsDirect.com',''),(110,852798091,15.4383223,47.0714089,'Weikhard','http://weikhard.at/kontakt/'),(111,852798104,15.4414074,47.0689653,'Benetton',''),(112,852798112,15.4385279,47.0695295,'Brühl & Söhne','http://www.bruehl.at'),(113,852798119,15.441344,47.0685513,'H&M','http://www.hm.com/at/'),(114,855364171,15.4415202,47.0681361,'Zara','http://www.zara.com/at/'),(116,861376605,15.4435014,47.0676909,'Handschuhe Zur Oper',''),(117,861393532,15.4521363,47.0725282,'Martin Auer','http://www.martinauer.at'),(118,861789275,15.4541384,47.0736687,'Carla',''),(119,861789280,15.4598732,47.0752824,'print & copy',''),(120,863209381,15.4475615,47.068635,'Martin Auer',''),(122,864679952,15.4360678,47.0698316,'Schneiderei Neutor',''),(123,866917628,15.4436304,47.0632193,'Ortweinstand',''),(124,868971333,15.4425772,47.0671215,'Nowi',''),(125,876221824,15.4050312,47.0302378,'Hein Gericke','http://www.hein-gericke.at/'),(126,876289110,15.4206834,47.1071721,'Ulbel & Freidorfer','http://www.stcomputer.at/'),(127,876289145,15.4215534,47.1032727,'Tabak Trafik',''),(128,877058343,15.439682,47.0704352,'Klammerth','http://www.klammerth.at/'),(130,877362482,15.4209961,47.0711831,'Leiner','https://www.leiner.at/filialen/leiner-graz'),(131,879568194,15.4357068,47.0714518,'Giga-Sport',''),(132,879568198,15.4347412,47.0774821,'Schloßbergbäckerei',''),(133,881373098,15.4340364,47.0591673,'Physio + Mur',''),(134,881888270,15.4259352,47.0679752,'Northland','http://www.northland-pro.com/de/'),(138,881888293,15.4315653,47.0642427,'Kemal Ünal KG',''),(140,882775794,15.4277865,47.0667239,'Evolution Sports','http://members.inode.at/evol.sports/main.htm'),(141,882775822,15.4277883,47.0696923,'Radsport Vychodil','www.radsportvychodil.at'),(142,883061890,15.4363714,47.0707865,'Sorger','http://www.sorgerbrot.at'),(143,885451366,15.4397231,47.0684275,'Martin Auer',''),(144,885451445,15.4409424,47.0668764,'Füllfederhaus M. Störtz',''),(146,885451524,15.4370951,47.0706557,'Küchenfee',''),(147,885451549,15.4441115,47.0669785,'Avalon','http://www.avalon.co.at/kontakt.php'),(148,885868198,15.451831,47.0650228,'Copy Shop','http://deincopyshop.htu.tugraz.at/'),(149,886773312,15.4171589,47.0334565,'Backhaus',''),(150,892559099,15.434728,47.0755765,'Fingernagelstudio Stylissimo',''),(151,892559153,15.435213,47.0745182,'Knöpfe und Geweihwaren Hirt','http://www.hirt-austria.at/'),(153,898031263,15.4415939,47.0676043,'BIPA Styling Lounge','http://www.stylinglounge.at'),(154,905976489,15.4385965,47.0721737,'sax',''),(155,905976492,15.4384308,47.071803,'Schediwy','http://schediwy.at/'),(156,906742086,15.433311,47.0667612,'Musik Hammer',''),(157,906742088,15.4396881,47.0724616,'Hofbäckerei Edegger-Tax','http://www.hofbaeckerei.at'),(158,906896638,15.4401534,47.0696451,'Wutscher Optik','http://wutscher-optik.at/'),(159,906896660,15.4410618,47.0688912,'il gelato',''),(160,906985518,15.4338687,47.078075,'Bicycle','http://www.bicycle.at/'),(161,912575390,15.4319924,47.0710406,'Baumgartner',''),(162,919891124,15.4459275,47.0785526,'Schönheitssalon Maria & Maria',''),(164,926922277,15.4642088,47.0399218,'Gungl',''),(165,926922293,15.4638299,47.0402719,'Die Putzerei','http://www.murpark.at/de/shops-gastro/die-putzerei'),(166,926922301,15.4635199,47.0406963,'Pearle',''),(167,926922305,15.4617126,47.0408797,'H&M',''),(168,926922313,15.4612215,47.0410794,'Stiefelkönig',''),(169,926922329,15.4644763,47.0401222,'Hervis',''),(170,926922340,15.461318,47.0410022,'Humanic',''),(171,926922342,15.4638617,47.0403198,'Blumen Grollitsch',''),(172,926922354,15.463262,47.0407277,'WMF',''),(173,926922357,15.4626562,47.0406199,'DM Frisör',''),(174,926922366,15.4630337,47.0407824,'Hussel',''),(175,926922367,15.4621154,47.0411678,'Drei',''),(176,926922369,15.4630563,47.0404897,'Eduscho',''),(177,926922376,15.4633588,47.0406488,'Mayer',''),(178,926922379,15.4656028,47.0397712,'New Yorker',''),(179,926922383,15.4632018,47.0407518,'Wutscher',''),(180,926922386,15.4612218,47.0412881,'Kastner & Öhler',''),(181,926922393,15.4619794,47.0412148,'TUI',''),(182,926922397,15.463187,47.0404171,'Thalia',''),(183,926922400,15.461964,47.0407641,'C&A',''),(184,929232420,15.4429989,47.0696312,'chic ethic Fair-trade-shop','http://chic-ethic.at'),(185,930653462,15.4386853,47.0711678,'Palmers','https://www.palmers-shop.com'),(186,937611029,15.4366484,47.0710863,'Vögele','http://www.charles-voegele.at'),(187,937611032,15.4393745,47.0688866,'Leder H.Schuster',''),(188,952486548,15.4320063,47.0657735,'KARA Supermarkt',''),(189,956383332,15.4361896,47.0712962,'Delikatessen Nussbaumer','http://www.delikatessen-nussbaumer.at/graz/impressum/'),(193,956386721,15.4464933,47.0787078,'Trafik Hütter',''),(195,960249733,15.4421844,47.0669769,'Snipes','http://www.snipes.at/'),(197,964893084,15.4413152,47.0657386,'Army & Western Shop','www.army-western-shop-graz.at'),(198,967334127,15.4354511,47.072755,'Graztiax',''),(199,968913072,15.4348077,47.0775805,'Änderungen Schneiderei',''),(200,970742199,15.4436203,47.0677046,'Kern','http://www.baeckerei-kern.at'),(201,971748352,15.4419126,47.0677633,'Shoe4You','http://www.shoe4you.com/at'),(202,971748355,15.4415537,47.06757,'BIPA','http://www.bipa.at'),(203,971748376,15.4442907,47.0676602,'DM',''),(204,971973158,15.4449159,47.0680439,'Opernfoto','http://www.opernfoto.at'),(205,971973167,15.4447553,47.0680095,'Baumgartner','http://www.baumgartner-schuhe.at/de/kontakt/standorte/'),(206,973940544,15.4233121,47.1033854,'Kicker',''),(207,976848604,15.438675,47.0676774,'Haus der Sicherheit',''),(208,982622758,15.4674948,47.0789538,'Tabak Trafik',''),(209,991630050,15.4436229,47.0780251,'Hubert Auer',''),(210,991630067,15.4438626,47.0776066,'Schneiderei Geidorf',''),(211,991630106,15.4438369,47.0780755,'Blumen Geidorf',''),(212,991630246,15.4676269,47.0789619,'Blumen Steiner',''),(213,991630464,15.4437012,47.0780474,'Geidorf-Standl',''),(214,991630480,15.4443501,47.0780078,'Bipa',''),(215,991630578,15.4627924,47.077802,'Biofeld','http://www.biofeld.co.at/'),(216,991630624,15.4439635,47.0779017,'Pasaricek',''),(217,991630711,15.4438875,47.0778734,'Geidorf Moden',''),(218,992768394,15.4384431,47.0202356,'Spar Markt 24/7','www.avido.cc'),(219,992769126,15.4438025,47.033209,'Billa stop & shop','www.jet-tankstellen.at'),(220,993870727,15.4512194,47.0625978,'Tabak Trafik Lesky',''),(222,994994627,15.4204841,47.061017,'Pittarello',''),(223,994994691,15.4670224,47.0794931,'Bipa',''),(224,994994983,15.4674112,47.0795919,'intercoiffeur mayer',''),(225,994996043,15.4672572,47.0793196,'Zur Blumenquelle',''),(227,997695974,15.4366208,47.0721166,'DM','https://www.dm-drogeriemarkt.at/'),(231,1026751398,15.4453738,47.0667974,'Orientalische Gewürze','www.orientalischegewuerze.at'),(232,1026751416,15.4457422,47.0669497,'Zopfgeschwister','https://www.facebook.com/Zopfgeschwister'),(233,1026751437,15.4453304,47.0669948,'kik',''),(234,1026751440,15.443856,47.0670128,'Optik Rossmann','http://optik-rossmann.at'),(235,1026751446,15.4439249,47.0671846,'Bosch Küche',''),(236,1026751490,15.4461241,47.0669118,'Sestra Store','https://www.facebook.com/sestra.store'),(237,1026751496,15.4449144,47.0670495,'Frischbackstube Regula',''),(238,1026751510,15.4435547,47.0670541,'TEDi',''),(239,1026751537,15.4445621,47.066923,'Erika Medwed Dessous','http://www.medwed-dessous.at'),(240,1026751566,15.4443468,47.0669542,'Bipa','www.bipa.at'),(241,1026751575,15.445651,47.0667581,'LUGGIN Reisen','www.reisebuero-luggin.at'),(242,1026751583,15.4449785,47.066837,'Welt Laden',''),(243,1026751611,15.4443829,47.0671157,'BetSy\'s',''),(244,1026751615,15.4450805,47.0670279,'Handy 007',''),(245,1026751630,15.4445062,47.0671021,'Klipp','https://klipp.at/'),(246,1026751645,15.4460725,47.0667017,'SEWA',''),(247,1026751653,15.4444544,47.0669303,'Moda Lisa','www.modalisa.at'),(248,1026751687,15.4442217,47.0669678,'HANDY FOR YOU',''),(249,1026751708,15.4443084,47.0671241,'Handy King','https://www.facebook.com/handyking8010/'),(250,1027010014,15.4518812,47.0594169,'Billa',''),(252,1031793655,15.442664,47.0651153,'Handypoint',''),(253,1032921032,15.4595329,47.0908543,'Spar',''),(254,1050261518,15.4596696,47.0840012,'Billa',''),(255,1052829977,15.4494716,47.0759647,'Uni Buchladen','http://www.uni-buchladen.at/'),(256,1069555935,15.4280891,47.0709844,'Backwerk',''),(257,1083590363,15.4197415,47.071138,'C&A','http://www.c-and-a.com/at'),(258,1084426931,15.4508375,47.0720899,'Hubert Auer',''),(259,1098006502,15.4411373,47.0687925,'Tchibo',''),(260,1098006504,15.4429471,47.0691134,'Stadtbauernladen','http://www.stadtbauernladen.at'),(261,1099712258,15.4403165,47.0685423,'Amberger','http://www.uhren-amberger.at/'),(262,1099712285,15.440479,47.06862,'Pelzhaus Mangold',''),(263,1101644094,15.4441379,47.0657446,'Preiner','https://preiner.at/kontakt'),(264,1101644101,15.4439071,47.0659706,'Orion Licht','http://www.orion.co.at'),(265,1101644117,15.4431651,47.0669222,'Vega Nova','veganova.at'),(266,1101682560,15.404523,47.0730667,'Eggenberger Schuh- und Schlüsseldienst',''),(267,1133927849,15.4412793,47.0690533,'Juwelier Schreiner',''),(268,1138331162,15.4391982,47.0687345,'pono',''),(269,1145266714,15.441733,47.067327,'Nachttrafik',''),(270,1200796561,15.4211672,47.1034151,'Schnittig!',''),(271,1205514786,15.4306987,47.0668952,'Bürsten- und Korbwaren A.W. Schmidt GmbH',''),(272,1207153173,15.4397814,47.0646065,'Büro + Papier Wurzer','http://www.wurzer-graz.at'),(273,1207175120,15.4416327,47.0688785,'Moser','http://www.buchmoser.at/'),(274,1218264980,15.4446386,47.0659416,'euphoria','http://www.euphoria-graz.at'),(275,1226011999,15.4234326,47.1133675,'Coiffeur Headline','www.haarmax.at'),(276,1239172072,15.4169028,47.10065,'Tabak Trafik',''),(277,1239912848,15.4381626,47.0598108,'Alles Rund ums Radl',''),(278,1243737161,15.4244301,47.1212028,'Blumenhaus Zötsch','www.blumenhaus-zoetsch.at'),(279,1245537944,15.4475792,47.0752956,'Mosshammer',''),(280,1245552592,15.4476661,47.0753241,'Carla',''),(282,1252326818,15.4426668,47.0676287,'Fleischerei Stacherl',''),(283,1252326825,15.4423131,47.0675902,'Martin Auer','http://www.martinauer.at'),(284,1252326829,15.4425391,47.0675645,'Blumen Hajek',''),(285,1253100004,15.4416899,47.0645879,'Zweirad-Express Schnabl',''),(286,1256979584,15.4392444,47.0789008,'Floral Total',''),(287,1259706281,15.442987,47.0675918,'Martin Auer (Brotküche)','http://www.martinauer.at'),(288,1259706311,15.4428304,47.0675934,'Hubert Auer',''),(290,1264395441,15.4468946,47.06894,'Der Musyl','http://www.dermusyl.at/'),(292,1264400002,15.4470401,47.0687081,'Feiertag','http://www.derfeiertag.at/'),(293,1274272030,15.4494673,47.0663361,'Schnittpunkt','http://www.friseur-schnittpunkt.at/'),(294,1295256157,15.4443633,47.0674667,'NKD',''),(295,1302070832,15.4420948,47.0661562,'Carla','https://www.caritas-steiermark.at/spenden-helfen/carla/unsere-shops/carlas-in-graz/jakomini/?L=0'),(296,1315472557,15.4697339,47.0666129,'Sorger',''),(297,1316046688,15.4728054,47.0564565,'Martin Auer','http://www.martinauer.at/'),(298,1316046705,15.4727396,47.056432,'St. Peter Blumen','http://members.aon.at/st-peter-blumen/'),(301,1359790753,15.4302161,47.0912079,'A1 Tankstelle',''),(302,1360221774,15.4561998,47.07131,'Wohnkultur Steiner',''),(303,1363117573,15.4675804,47.0669707,'Pölzl',''),(305,1363125008,15.449779,47.0673887,'Druckwelle','www.druck-welle.at/'),(306,1363125012,15.4543162,47.0679456,'Kaufhaus Koller',''),(307,1363125014,15.4514616,47.0679749,'Bio-Laden Matzer','http://www.bio-laden.at'),(308,1363128982,15.4466942,47.0677162,'il Pastaio','www.il-pastaio.at/'),(309,1363128985,15.446898,47.0687666,'Rinner','http://www.rinner.co.at/'),(310,1363132393,15.4374339,47.0719481,'Strohmayer',''),(311,1363132402,15.4381699,47.0714807,'Martin Auer',''),(312,1363132403,15.4385613,47.0719009,'The Original',''),(313,1363401587,15.4428916,47.0790377,'Neuroth',''),(314,1366705776,15.4221498,47.1140412,'Fotostudio Seifert','http://fotostudio-seifert.at'),(315,1373089366,15.4315969,47.071054,'Humana',''),(316,1373285025,15.4412695,47.064827,'Schnittig',''),(317,1373592781,15.4423345,47.0638844,'Fahrradküche Graz','http://www.fahrradkueche.com/'),(318,1374080180,15.4468028,47.066657,'Handy-Star Fahrräder',''),(319,1374242179,15.4723913,47.0562638,'Bioladen \"Die Knospe\"','http://www.die-knospe.at/'),(320,1377641074,15.4150812,47.1000776,'e-tec Computer & Elektronik',''),(321,1377641075,15.4148227,47.1000167,'Pagro',''),(322,1377641077,15.4144207,47.099826,'DUK',''),(323,1386746833,15.4398261,47.0726111,'Optik Scholz',''),(324,1386746889,15.4402388,47.0725752,'The Box',''),(325,1388347862,15.4009248,47.0268098,'Spar Express',''),(326,1388348480,15.4010664,47.0308688,'Vogl',''),(327,1411138559,15.4461744,47.0662302,'Rauch','http://www.rauch-online.at/'),(328,1416933752,15.4376769,47.0679245,'Mail Boxes Etc',''),(329,1417924539,15.4488302,47.062757,'Mondi\'s Bioladen',''),(330,1420207253,15.4515542,47.0693838,'Kern','http://www.baeckerei-kern.at'),(331,1424941724,15.4305388,47.0604805,'Rumpold',''),(332,1432204925,15.4214728,47.0815501,'Wäscherei/Putzerei Norge',''),(334,1432204928,15.4251244,47.082931,'Kamm & Schere',''),(335,1432204929,15.4213239,47.0815535,'Frisör Claudia',''),(336,1432209301,15.4263449,47.0718531,'Salon Mersa',''),(337,1433222269,15.4215613,47.0816789,'Trafik',''),(338,1433754593,15.4286296,47.0716052,'Bipa',''),(340,1433755893,15.4250137,47.0713273,'Sorger Halbpreisfiliale',''),(341,1435328903,15.4290544,47.0711568,'Hubert Auer',''),(343,1436548005,15.4447649,47.0682486,'Modewaren Büdefeldt',''),(344,1436548006,15.4421483,47.0693627,'SK Sturm Fanshop',''),(346,1437535873,15.4423521,47.0658995,'Handy-Center',''),(347,1437535880,15.4423948,47.0657562,'Unless Afro',''),(348,1442010481,15.4389041,47.0789854,'Ihr Frisör Riedl',''),(349,1446305820,15.4186862,47.0840108,'Milchpause',''),(350,1447015998,15.4521622,47.0587932,'Haarmode Erwin',''),(352,1449672154,15.4326159,47.0272668,'Heidi Hütter',''),(353,1450514309,15.466785,47.0623741,'Sonnenstudio',''),(354,1450514311,15.4714897,47.0570681,'Turbo Sun Solarium',''),(356,1454907469,15.4966024,47.0768777,'Blumen Steiner',''),(357,1454907473,15.4968016,47.0769365,'Musyl',''),(358,1454908660,15.4967341,47.0768809,'Sorger',''),(360,1454908686,15.4969923,47.076912,'Trafik',''),(361,1457222996,15.4283576,47.0888567,'Bäckerei König',''),(363,1458649811,15.4465642,47.0672775,'Taşkın',''),(364,1458649818,15.4470805,47.0681589,'Stadlmair',''),(365,1463860143,15.4250714,47.0831996,'RADECKE','https://www.facebook.com/radeckegraz/'),(366,1464504947,15.4474694,47.0657926,'First Hanf Shop',''),(367,1464504951,15.4473533,47.0655935,'Hair Hunter','www.hairhunter.at'),(369,1468770604,15.4251371,47.0710891,'Farmah\'s Indien Supermarkt',''),(370,1468770720,15.437481,47.0715394,'Hämmerle','https://haemmerle-mode.at/'),(371,1468770723,15.4362516,47.0710124,'Kleider Bauer',''),(372,1468770744,15.4317885,47.0710501,'Schöffmann',''),(373,1468770789,15.4390178,47.0705767,'COS','http://www.cosstores.com/at'),(374,1468770797,15.4289994,47.0709441,'Yildiz Lebensmittel',''),(375,1474221334,15.4465783,47.0787293,'Haarstudio Roswitha',''),(376,1475112641,15.444727,47.078102,'Dexter Burger 3',''),(378,1478949930,15.4287906,47.0760104,'Tabak Trafik',''),(379,1478954698,15.4461077,47.0785971,'Antika Geidorf',''),(380,1483304463,15.4471235,47.0788645,'Kosmetik Brigitte',''),(381,1492540523,15.439513,47.0705531,'Bonita',''),(382,1492540561,15.4362351,47.0711876,'Prokopp','https://www.prokopp.co.at'),(383,1492540580,15.4403565,47.0698419,'New Yorker',''),(384,1492540587,15.4331109,47.0710541,'Palmers',''),(385,1493311433,15.4182855,47.0744853,'Frisör Venezia',''),(386,1494528030,15.4455274,47.0772922,'Kunstatelier',''),(387,1497367846,15.4856089,47.0362654,'OBI','https://www.obi.at/baumarkt/graz-ost/'),(388,1499444313,15.4004309,47.0224586,'Graf',''),(389,1501071974,15.4368604,47.0713722,'Sattler','http://www.sattler-optik.at/#kontakt'),(390,1505300632,15.402773,47.0672195,'Nagelstudio Eleganza',''),(391,1505596953,15.4029323,47.0675838,'hairbei',''),(392,1527457915,15.4180496,47.0748454,'Austria Videoring Filmverleih',''),(393,1529456830,15.4465697,47.0674497,'Frisör zur Oper',''),(394,1529456833,15.4420605,47.0685577,'Klavierhaus Fiedler & Sohn','http://www.klavierhaus-fiedler.at/'),(395,1532663145,15.4785532,47.0507618,'Klipp',''),(396,1532663149,15.4784058,47.0508527,'Bipa',''),(397,1533380188,15.4377048,47.0717259,'Bärenland',''),(398,1540270955,15.44057,47.0692494,'Triumph',''),(399,1540270964,15.4372253,47.0704588,'Werner\'s Elektroladen',''),(400,1541431507,15.4341787,47.0717422,'gallery lendnine',''),(401,1542721841,15.4404379,47.0704022,'Boutique Vogue','http://www.vogue-johan.at'),(402,1542721849,15.4416493,47.070461,'Hutmode Pelko',''),(403,1542721856,15.4401848,47.0704875,'be-be Designermode',''),(404,1542721999,15.4398741,47.0717209,'Number One',''),(405,1545210734,15.4378454,47.0716457,'orsay',''),(406,1545210735,15.438019,47.0717118,'swatch',''),(407,1547404764,15.4035131,47.0700218,'Bipa',''),(408,1547404777,15.404159,47.0694063,'kik',''),(409,1552832128,15.4380585,47.0715635,'Swarovski',''),(410,1557306653,15.4764041,47.0528082,'Top Auto','www.top-auto.at'),(411,1565777549,15.4331528,47.070794,'Hairhunter',''),(412,1567937634,15.4370788,47.0714213,'DM','https://www.dm-drogeriemarkt.at/'),(413,1567937636,15.4398586,47.0733132,'Das Geschenk',''),(414,1567937651,15.4392999,47.0690376,'Trachten Seidl',''),(415,1567937656,15.4306113,47.0711033,'Willi Supper','http://supper.at/standorte.php'),(421,1570339334,15.4407954,47.0694508,'Mango',''),(422,1570339337,15.4394847,47.0701591,'Stefanel','https://www.stefanel.com/de_at/'),(423,1570339339,15.4392574,47.0703737,'Tezenis',''),(424,1576847562,15.4289107,47.0712817,'Charisma',''),(426,1587241566,15.4308881,47.0711232,'Diva Dresses',''),(427,1587241577,15.4284042,47.0712735,'Klipp','https://klipp.at'),(428,1587241578,15.4407599,47.0696025,'Maria & Maria',''),(429,1587241587,15.4392037,47.0707944,'Pimkie',''),(430,1587241594,15.4358047,47.071083,'Rollett','http://www.rollett.at/'),(431,1587241602,15.4422293,47.0684247,'Style',''),(432,1587241611,15.4386151,47.0712022,'Tally Weijl','https://www.tally-weijl.com/de_AT/'),(435,1588231979,15.4229195,47.0742864,'Fahrradservice','tomo-fahrradservice.at'),(436,1596485345,15.4400063,47.0683493,'Rotschopf',''),(437,1596485350,15.4388376,47.0707266,'Gerry Weber',''),(438,1599341726,15.4312615,47.0827545,'Martin Auer','http://www.martinauer.at'),(440,1599341743,15.4357591,47.0711903,'Jeans Club',''),(441,1599341749,15.4356451,47.0734315,'Frisör Erni',''),(442,1599341751,15.433197,47.0819328,'Friseur Doris',''),(443,1600231930,15.4406472,47.0695473,'Moda Italia',''),(444,1601202088,15.418842,47.0743986,'Aoy China Shop',''),(445,1601202116,15.4189883,47.0744268,'Frisör Ingrid',''),(446,1601202119,15.4190667,47.0744419,'Immo Company',''),(447,1602041270,15.4465347,47.0673801,'Moda E',''),(449,1602166366,15.3948994,47.0501767,'Martin Auer',''),(450,1605696667,15.4404005,47.0689328,'GardeRobe',''),(451,1605696678,15.4403493,47.0688255,'Sport Outlet',''),(452,1608635573,15.4575865,47.0694733,'Schiller Friseur Herbert',''),(453,1614150259,15.4167926,47.0344448,'Conrad Megastore','https://www.conrad.at/'),(454,1615186056,15.4482902,47.0538678,'Backhaus Ostbahnhof',''),(455,1620380040,15.4010285,47.0251462,'Cult',''),(456,1623640458,15.4254762,47.0710679,'Farmah\'s Day Mode',''),(457,1624561650,15.4404878,47.066499,'...mein frisör',''),(459,1632924362,15.4375523,47.0702988,'Heidi Gotthardt',''),(460,1633416607,15.4439344,47.0698591,'Martha',''),(461,1638482746,15.4409358,47.0689731,'Only',''),(462,1638482747,15.4387383,47.0708162,'Red Bull World','http://redbullworld.at/de/'),(463,1639203477,15.4193017,47.0744843,'EWO Versicherungs GmbH',''),(464,1646377652,15.4385051,47.0718555,'monika',''),(465,1646377653,15.4383251,47.0717114,'Hanro',''),(466,1655810336,15.4390882,47.0724102,'eleni',''),(467,1655810343,15.4391401,47.0724355,'Raffeli',''),(468,1655810345,15.4394392,47.072459,'Armas',''),(469,1655810348,15.4393105,47.0724899,'Mode am Hof',''),(470,1655810349,15.4390878,47.0725674,'io Fashion',''),(471,1655810350,15.4393798,47.072566,'Weinbauer',''),(472,1660773524,15.4442119,47.0702083,'Alexa',''),(473,1661574889,15.4412122,47.0674162,'Lena Hoschek',''),(474,1663480267,15.4431525,47.0696981,'Haar Virus','http://www.haarvirus.at'),(475,1663480272,15.4438815,47.0700443,'Paul Mitchell',''),(476,1682110683,15.4408694,47.0684993,'City-Philatelie',''),(477,1682110692,15.4631722,47.0659631,'Creativ Gert Coiffeur','www.ccgert.at'),(478,1682110734,15.4382708,47.0716778,'Täubel',''),(479,1682110736,15.4407754,47.068491,'h. künegger',''),(480,1682110821,15.4408397,47.0684964,'susies SECONDS',''),(481,1683773483,15.448272,47.0728163,'Cutani',''),(482,1683773498,15.4483387,47.0726531,'Edmund Resch Geigenbaumeister',''),(483,1683773526,15.4482955,47.0727476,'Gala Immobilien',''),(484,1683773548,15.4483676,47.0725709,'Hildegard\'s Laden','http://www.hildegards-laden.com'),(486,1684698607,15.4355573,47.0736185,'Elektro Reinberger',''),(487,1684698667,15.4358432,47.0734185,'gi-si k.',''),(488,1684698715,15.4362739,47.0725681,'Sackstraße 15',''),(489,1684698729,15.43701,47.0722395,'König Brot',''),(490,1684698770,15.4373862,47.0716226,'Bipa',''),(491,1684698862,15.4380941,47.0717643,'newone','www.newone.at'),(492,1684698875,15.4382347,47.0718539,'Imperio',''),(493,1684698928,15.4383926,47.0719699,'Jeremy\'s',''),(494,1684699012,15.438484,47.0720866,'Di Donna',''),(495,1684699051,15.4386976,47.0720564,'Sonnentor','https://www.sonnentor.com/de-at/geschaefte/sonnentor-geschaefte/sonnentor-graz'),(496,1684699081,15.4385431,47.0721269,'Gabbiani',''),(497,1684699112,15.4388368,47.0722451,'Reformstark Martin','www.reformstark.at'),(498,1684699120,15.4388636,47.0722681,'Styria Briefmarken',''),(499,1684699133,15.4389128,47.0724561,'Graziella',''),(500,1684699149,15.4389818,47.0723652,'tik tak',''),(501,1684699191,15.4391448,47.072607,'Laura',''),(502,1684699219,15.4395464,47.072466,'Iohan',''),(503,1684699260,15.4399647,47.0726013,'Leopold Stocker Verlag',''),(504,1684699283,15.4403799,47.0725805,'Anita\'s Trachtengwandl',''),(505,1684699295,15.4404739,47.0725734,'Hof-Frisör',''),(506,1684699436,15.4429891,47.0720801,'Burgflorist-Hajek',''),(507,1684701293,15.4487277,47.0645534,'Haazen Baerts','www.haazenbaerts.com'),(508,1687899357,15.442586,47.0640056,'Salon Aida',''),(509,1688850483,15.4300446,47.0743383,'Stross',''),(510,1699442422,15.4681727,47.0666478,'Frisiersalon Mirjam u Christine',''),(511,1704857404,15.4295133,47.0451666,'Blumen Eibinger',''),(514,1705502519,15.4197262,47.0782556,'Spar','https://www.spar.at/de_AT/index/standorte/80/graz_3736.html'),(515,1715635763,15.43927,47.0715111,'Olivers Haar-Werkstatt',''),(516,1717650434,15.4308782,47.0833712,'Billa',''),(517,1717695401,15.4470509,47.0680878,'Chocolaterie De Naeyer','http://www.denaeyer.at/'),(518,1717695406,15.4471294,47.068201,'Die Papiertruhe',''),(519,1717695419,15.4473044,47.0683575,'In Optik',''),(520,1717695430,15.44723,47.0682969,'Schaeffer\'s','http://www.schaeffers.at/'),(521,1721196162,15.4495264,47.0757988,'Harry\'s ICEcream',''),(522,1721211796,15.4328592,47.0738096,'Die Haarschneiderei',''),(525,1727959518,15.4878344,47.039692,'Da Rocco Fischhandel',''),(526,1728200713,15.4042661,47.0730802,'Cool Hair','www.coolhair.at'),(527,1731795336,15.4335381,47.0724626,'Haarstudio L&K',''),(528,1736772249,15.4217578,47.102937,'Sorger',''),(529,1740225866,15.4014109,47.0699321,'Ruefa Reisebüro','http://www.ruefa.at'),(531,1743682318,15.4512317,47.0723034,'Filou',''),(532,1747362930,15.4077154,47.0738488,'Tabak Trafik',''),(533,1750247123,15.4437161,47.0677602,'BoboQ','www.boboq.de'),(534,1750247160,15.4436388,47.0677392,'lady chic',''),(535,1762937740,15.401133,47.072657,'Sportbad Eggenberg',''),(536,1765438431,15.4368292,47.043036,'Murauer Verkaufsshop',''),(537,1782556414,15.4235811,47.0713928,'Radaktiv',''),(538,1782556415,15.4293873,47.0457573,'Hochl','www.hochl.com'),(539,1789077945,15.4169996,47.100907,'DM','https://www.meindm.at'),(540,1789077950,15.4155562,47.1002365,'Deichmann',''),(541,1789077952,15.4169546,47.1011447,'NKD',''),(542,1789077980,15.4158451,47.1003403,'Vögele',''),(543,1790776943,15.4167995,47.1013796,'BettenMax',''),(544,1790776944,15.4164392,47.099706,'Bipa',''),(545,1790776945,15.416721,47.1014889,'C&A Kids',''),(546,1790776947,15.4145082,47.0995929,'Fressnapf',''),(547,1790776949,15.4151866,47.1001131,'Huber Outlet','http://www.hubershop.at/'),(548,1790776950,15.4152594,47.1001329,'Klipp',''),(549,1790776951,15.4165922,47.1016811,'Libro',''),(550,1790776952,15.4144352,47.099736,'Sport-Tiedje','https://www.sport-tiedje.at/sport-tiedje-in-graz'),(551,1790776954,15.4166502,47.1015732,'Takko',''),(552,1790776956,15.4168633,47.1012848,'TEDi',''),(553,1795741260,15.4624351,47.0662436,'Tabaktrafik','stleonhard.heinzelmaennchen.at/data/1317/'),(554,1795799273,15.4984052,47.0586347,'Seerosen Kern','http://www.biotop-kern.at'),(555,1798478660,15.4218054,47.1035327,'Wölfl','www.woelfl-baecker.at'),(556,1798786733,15.4181551,47.0986466,'eni',''),(557,1798805690,15.4203833,47.1023275,'Sky Reisen',''),(558,1805062778,15.4318347,47.0651472,'Kavkaz',''),(559,1824332897,15.4737559,47.0786652,'Bipa',''),(560,1826485807,15.4300292,47.0762076,'Schwarz & Partner',''),(561,1826526370,15.4303094,47.0758425,'BIPA','http://www.bipa.at/'),(562,1826530800,15.4306301,47.0755946,'Klipp','https://klipp.at/friseur-salons/314/graz/lendplatz-38'),(563,1826537412,15.4308113,47.0754373,'Skink',''),(565,1826549274,15.4304188,47.0766694,'Video Studio',''),(566,1826549285,15.4304124,47.0766641,'Yvonne',''),(567,1827052947,15.4005117,47.0651113,'Carla',''),(568,1827052980,15.4011286,47.0668342,'Graf',''),(569,1827053003,15.4005896,47.0635302,'Murlasits',''),(570,1827053008,15.4006469,47.0638499,'Salon Kreiner','http://www.salon-kreiner.at/'),(571,1827508545,15.4283037,47.0770377,'Ariana Markt',''),(573,1829905091,15.4289025,47.0769588,'pölzl',''),(574,1831327974,15.4237449,47.0663088,'Kara Bâckerei',''),(575,1831331817,15.4254255,47.0649825,'K + K Modellbahnen','http://www.kuk-modellbahnen.at/'),(576,1838890562,15.4375329,47.0718875,'Nespresso',''),(577,1838890569,15.4375988,47.0718112,'Süßer Steirer',''),(578,1839118930,15.4371351,47.0698704,'Springer Reisen','http://www.springerreisen.at'),(580,1839226591,15.4194774,47.0731713,'Miele Center Fasching','www.mielecenter-fasching.at'),(581,1839226600,15.4272477,47.0755657,'Schneiderei Trachtendoktor',''),(582,1839226607,15.4268577,47.0754387,'Sun for You',''),(583,1839226608,15.4190499,47.0734285,'Tabak Trafik',''),(585,1852081106,15.4516758,47.0652748,'Die Radlerei','http://www.dieradlerei.at/'),(586,1852724022,15.4666722,47.0625157,'Zach Parkett','http://www.zach-boeden.at/'),(590,1855071621,15.4379759,47.0662902,'Repa Copy','http://www.repacopy.at'),(591,1856083518,15.4622559,47.0371795,'Hubert Auer',''),(593,1858696139,15.4409487,47.071288,'Kaspar Harnisch - Farbenhaus',''),(594,1858696344,15.4423389,47.0698703,'Lechner & Jungl',''),(595,1859811045,15.4581142,47.0752217,'Sorger','http://www.sorgerbrot.at'),(596,1865461701,15.4540277,47.0732438,'INSIDE Einrichtungen','http://www.inside-wohnen.at/'),(597,1865461723,15.4599728,47.0751127,'Steirerbike',''),(598,1871815124,15.3999058,47.0252247,'PP Radlshop',''),(600,1878381195,15.4340112,47.0455722,'Derendinger',''),(601,1878440505,15.4391799,47.0726696,'Contessa',''),(602,1878440508,15.4397633,47.0731076,'Fink',''),(603,1878440517,15.4395899,47.0732957,'Grüne Erde',''),(604,1878440520,15.4397319,47.0730901,'Kukuruz',''),(605,1878440533,15.4392568,47.0728195,'Steirisches Heimatwerk',''),(606,1878440536,15.4376164,47.0712713,'Wolford',''),(607,1878440544,15.439411,47.0727535,'il Bijoux',''),(608,1879146333,15.4521812,47.0723015,'Buchberger','http://www.buchberger.co.at/'),(609,1879146349,15.4446537,47.0669029,'Goldstyle',''),(610,1879146354,15.4529386,47.0728589,'NeXt Haircut',''),(611,1879146356,15.4514113,47.0723208,'Optik Schrei','http://optik-schrei.at/stores/st-leonhard'),(612,1886514430,15.4266894,47.0913097,'Salon Monika',''),(613,1888734671,15.4118266,47.0409714,'Auto Glas Plöb',''),(614,1888734683,15.4521253,47.0388846,'ctc','http://ctc-graz.at/'),(616,1900063602,15.4731824,47.0557323,'Manuela Harmos',''),(617,1908136802,15.4037944,47.0705725,'Martin Auer',''),(618,1908136804,15.4015584,47.071745,'Salon Bernd',''),(619,1909577936,15.4697554,47.0641229,'HairLights',''),(620,1909577937,15.4698057,47.0640426,'Innenausstatter',''),(621,1909577940,15.4697099,47.0641887,'Architekt',''),(623,1925246707,15.469463,47.0597579,'Flyeralarm',''),(624,1925246708,15.4693789,47.0599806,'GWS',''),(625,1934835250,15.4275189,47.0574178,'Peter Liebeg Bürotechnik','http://www.liebeg.at/'),(627,1940169333,15.3928609,47.0633038,'Salon Brigitte',''),(628,1948158992,15.4422,47.0562154,'TSF','http://www.tsf.at'),(629,1949072989,15.4363641,47.0698053,'Trash',''),(630,1952483272,15.3951988,47.0460916,'Jet',''),(631,1952743702,15.4244237,47.0305686,'MAN Truck & Bus Vertrieb Österreich AG',''),(632,1952743703,15.4248035,47.0306122,'MAN Truck & Bus Vertrieb Österreich AG',''),(633,1955641260,15.4439228,47.0675884,'Beauty Case',''),(634,1955641266,15.4441014,47.0676217,'Syndikat',''),(635,1959456512,15.4232443,47.0940542,'Billa',''),(636,1976671741,15.4360611,47.0697812,'bamb♀♂o','http://www.bambooo.at'),(637,1976671751,15.4366384,47.0695145,'Frauenheil','http://www.frauenheil.at/'),(638,1976671775,15.437746,47.0713974,'Jodl',''),(639,1976671776,15.4360956,47.0696742,'Optik Schrei',''),(640,1976671777,15.4376986,47.071138,'Pearle',''),(641,1976671779,15.4365016,47.0696438,'Team 7',''),(643,1976671797,15.4378973,47.0712576,'Piber Robert',''),(644,1977178478,15.4362926,47.0700759,'Besser Sehen',''),(645,1977178490,15.4363117,47.0699932,'Grazer Wollboutique',''),(646,1977178509,15.4359598,47.0701602,'Haarscharf',''),(647,1977178517,15.436172,47.0702537,'Miedersalon \"Gabriele\"',''),(648,1977178527,15.4360229,47.0699834,'Nowak & Co',''),(649,1977862008,15.4794086,47.0787841,'Gerald + Astrid',''),(650,1978233024,15.4388365,47.0692254,'Annabella',''),(651,1978233025,15.4299129,47.0711053,'Berufsbekleidung',''),(652,1978233028,15.4297308,47.0711078,'Coiffeur',''),(653,1978233037,15.4296495,47.0709209,'Fahrrad-Geschäft',''),(654,1978233050,15.430453,47.0710846,'Kalsa New Mode',''),(655,1978233052,15.4294661,47.0711245,'Moda Italiana',''),(656,1978233053,15.4302651,47.0710839,'Orient Shop',''),(657,1978233057,15.440658,47.0684591,'O bag',''),(658,1978233061,15.4339807,47.0707862,'Sunshine',''),(659,1978233064,15.4291523,47.0709285,'Uhren Miksche',''),(660,1978233074,15.4396069,47.0685599,'city classic',''),(662,1988646953,15.3976161,47.1051282,'Bipa',''),(663,1988646957,15.3980168,47.1051776,'Saturn',''),(664,2010303917,15.4302497,47.075911,'Kik',''),(665,2026013960,15.4222458,47.1135936,'Kern',''),(666,2035459173,15.4240081,47.0711211,'Joka Möbelhaus','http://www.joka.at'),(667,2037378440,15.4443196,47.0658162,'collage',''),(668,2037378445,15.4444473,47.0658479,'escape',''),(669,2040396003,15.4400544,47.0664505,'DM',''),(670,2040396021,15.4211227,47.0715883,'Himalaya Indian Bazar',''),(671,2041740912,15.4275911,47.0712294,'EU Handy Shop',''),(672,2041740913,15.4273087,47.0712478,'Friedl',''),(673,2041740915,15.4269249,47.0712612,'NKD',''),(674,2041748482,15.4660416,47.0636752,'Friseur Christian',''),(675,2041748493,15.4658169,47.0636134,'ROTH Handel & Bauhandwerkerservice GmbH','http://www.roth-online.at/'),(676,2041906352,15.4335055,47.0720462,'Hermann Herzele Gallery',''),(677,2041906353,15.427733,47.0709834,'Brieftasche',''),(678,2041906354,15.4271177,47.0709917,'Bring & Kauf',''),(679,2041906356,15.4232138,47.0714181,'Hartlauer',''),(680,2041906358,15.4238019,47.0713908,'IKK Mode',''),(681,2041906360,15.4339263,47.0706859,'Tennis & Freizeit',''),(682,2041906363,15.4236073,47.0711606,'milla',''),(683,2042061473,15.4413259,47.0710375,'Oxyd',''),(684,2042061561,15.4401082,47.0741752,'Tabak Tautter',''),(685,2050501935,15.4093769,47.0903613,'Günther Baldasty',''),(686,2080488662,15.4427905,47.0676706,'Blumen Oswald',''),(687,2080488694,15.4407978,47.0581907,'Öcal Market',''),(688,2080488699,15.4407268,47.0691478,'Heindl',''),(689,2084581718,15.4341126,47.0661722,'JURA Store','http://www.jurastore.at/'),(690,2086374431,15.4215405,47.1137344,'Feinheit von Feiertag','http://www.feinheit.at'),(691,2087267932,15.4202517,47.0859943,'Tabak Trafik',''),(693,2103860172,15.4231738,47.0685017,'Frisör Käfer',''),(694,2106896258,15.4503211,47.0720017,'CBD-Store Graz','https://www.cbd-store.cc/3910502120/location'),(695,2108031295,15.4336933,47.0281752,'e-tec Computer & Elektronik',''),(697,2113940110,15.4462553,47.0674419,'modewɘrkstatt',''),(698,2121793272,15.4207588,47.1029649,'Stross',''),(699,2121793277,15.4374132,47.0705549,'comma,',''),(700,2125106031,15.4790666,47.0367036,'Farben Toyfl','http://www.farbentoyfl.at'),(701,2126933458,15.4388175,47.071044,'Drei','https://www.drei.at'),(702,2126933462,15.4387795,47.0710956,'Geox','http://www.geox.com/de'),(703,2126933463,15.4365367,47.0694924,'Mario Barth Tattoo','http://www.mariobarthtattoo.com/starlightaustria'),(704,2126933464,15.4388009,47.0692979,'Trachten Schlößl','http://www.bruehl.at/geschaefte/trachten-schloessl'),(705,2127249341,15.4483584,47.0779997,'Nandos',''),(706,2129362661,15.4435378,47.0677052,'Juwelen Jilka',''),(708,2132394288,15.4438171,47.0677839,'Bipa','http://www.bipa.at/'),(709,2132394290,15.4404427,47.067002,'Frisiersalon Sandra Müller',''),(710,2132394292,15.4401845,47.0670341,'Knilli',''),(711,2136753422,15.4333499,47.0707661,'Digital Camera Graz',''),(712,2136753440,15.4365864,47.0707717,'Gerstner',''),(713,2136753443,15.4370241,47.0709178,'Gerstner',''),(714,2136753464,15.433253,47.0707838,'Viewpoint',''),(715,2136753476,15.4330814,47.0708059,'Vivobarefoot','http://www.vivobarefoot.at/'),(716,2138691458,15.4390768,47.0702509,'Mac Shirty','http://www.macshirty.at/'),(717,2139181217,15.45937,47.0642073,'Lieb Markt Baustoffcenter','http://www.liebmarkt.at/baumarkt_4.htm'),(718,2139240927,15.4423413,47.067806,'Delarich',''),(719,2139240933,15.4421541,47.0659922,'Philipp',''),(720,2139240937,15.4436912,47.0627787,'Taschnerei Genser',''),(721,2139240938,15.442131,47.0660778,'Tee-Paradies','http://tee-paradies.at'),(722,2139240942,15.44338,47.0633193,'Trafik',''),(723,2139241113,15.4437079,47.0682107,'ruefa','https://www.ruefa.at/reisebueros/steiermark/graz/'),(724,2141640868,15.4342883,47.0784281,'Elektro Baltl',''),(725,2141640875,15.4314037,47.0636218,'Feinkost Handl',''),(726,2141640910,15.4378855,47.0706052,'Hubert Auer',''),(727,2141640918,15.4311016,47.0640687,'Zöscher & Söhne','https://www.redzac.at/zoescher/info/Home'),(728,2143733882,15.4194857,47.0332771,'fahrradfinden.at outlet','http://www.fahrradfinden.at'),(729,2146043625,15.4543794,47.0695407,'Haarmode Karin',''),(730,2146043629,15.4542651,47.0694628,'Grün Bunter Laden','http://www.gruen-bunter-laden.at/'),(731,2147193072,15.4396996,47.0707241,'Zentralkartenbüro','http://www.zkb.at/'),(732,2150821795,15.4417169,47.0691289,'Bermuda',''),(733,2150821796,15.4424213,47.0693597,'Be~Be im Palais',''),(734,2150821797,15.4421252,47.0693653,'Cellini',''),(735,2150821798,15.4422199,47.0694136,'Cocuni',''),(736,2150821799,15.4421912,47.0693925,'Edel Wildwuchs','http://www.wildwuchs-groebl.at/'),(737,2150821800,15.4424111,47.0695234,'Fame',''),(738,2150821802,15.4418816,47.069027,'Marc O\'Polo',''),(739,2150821803,15.4425529,47.0694566,'Restbuchbörse',''),(740,2150821804,15.4424774,47.0694264,'Tabak Trafik',''),(741,2159367833,15.432723,47.045626,'Friseursalon Schalk',''),(742,2162796825,15.426307,47.0712866,'Re.Use',''),(743,2167282593,15.4677703,47.0246062,'Canon',''),(744,2167282607,15.467847,47.0245206,'Zellweger',''),(745,2175852552,15.4024373,47.0881806,'fotografie.at Studio Graz','http://www.fotostudio-graz.com'),(746,2189777471,15.426255,47.0605394,'dm',''),(747,2190431293,15.4642684,47.0324054,'Putzerei Usen',''),(748,2190972215,15.429675,47.0762682,'Spar',''),(749,2192755332,15.4240001,47.1027469,'Kleiderbörse',''),(750,2197778497,15.4295887,47.0574548,'Schratter Motorcycle',''),(751,2197778503,15.4336739,47.0579827,'Deutschmann',''),(752,2207529020,15.4713635,47.0574963,'Brillenstube',''),(753,2207529022,15.4841754,47.0473081,'Fischer Freizeit Club',''),(754,2207529023,15.4842646,47.0473446,'Hifi Studio',''),(755,2207529024,15.4702286,47.058526,'Hörgereräte Greimel',''),(756,2207529026,15.470419,47.0582839,'Fischer Parkett',''),(757,2207529027,15.4728606,47.0562678,'Praun & Partner',''),(759,2238807928,15.3988489,47.055026,'Soldatenheim',''),(760,2255566390,15.4337848,47.0280743,'Klipp','https://klipp.at/friseur-salons/70/graz-puntigam/triester-stra%C3%9Fe-367'),(761,2255569453,15.4339621,47.0280194,'TEDi 1-Euro-Discount','https://www.tedi.com/at/filialfinder/'),(763,2258884088,15.4213228,47.0712665,'Handyklinik','http://graz.handyklinik.eu'),(764,2258884096,15.4230349,47.0711868,'Unique',''),(765,2263171639,15.4515315,47.076329,'ÖH Service Center','http://www.oeh-servicecenter.at/'),(766,2279584848,15.4486376,47.0664241,'Bruno',''),(767,2279770410,15.4303951,47.0584844,'mylemon.at','http://www.mylemon.at'),(768,2279770418,15.4304111,47.0584014,'spezial haarstudio',''),(769,2303554157,15.4673535,47.0795411,'Martin Auer',''),(770,2303580701,15.450841,47.0805172,'Tabak-Trafik',''),(771,2307853171,15.4048981,47.0727212,'Ali Baba',''),(772,2307853208,15.3884226,47.0673911,'Eleganza',''),(773,2307853212,15.4064456,47.0736412,'Fuchsbichler',''),(774,2307853247,15.4051403,47.0765739,'Moni',''),(775,2307853292,15.4049026,47.0727624,'Rockets Internet',''),(776,2307853313,15.4049043,47.0728631,'Trafik',''),(777,2307853320,15.4023934,47.0719002,'Vinzi Markt','http://vinzi.at/de/vinzimarkt-graz/'),(778,2307853328,15.4079865,47.0730664,'Vinzi Shop','http://vinzi.at/de/vinzishop-graz/'),(780,2309348917,15.407798,47.0737087,'Baran Handy Shop',''),(781,2309361215,15.4632301,47.0658905,'Handyhouse',''),(782,2317129610,15.4436953,47.0664134,'Stadtladen pro mente',''),(783,2317130945,15.4360006,47.0718302,'Giga-Sport',''),(784,2322453643,15.4412306,47.0691014,'Calzedonia',''),(785,2322453650,15.4406931,47.0695066,'Dietmar Haas',''),(786,2322453660,15.4393968,47.0701883,'Landhaus Friseur',''),(787,2322453666,15.4413106,47.0690205,'Daisy Donuts',''),(788,2330881589,15.4517609,47.0601649,'Änderungsschneiderei Burgi',''),(789,2332266893,15.4593476,47.0611821,'Carla',''),(790,2339465661,15.4289833,47.0457727,'Bestattung Wolf',''),(791,2341231648,15.4266525,47.0682712,'Haarstudio Nevlana',''),(792,2341231657,15.4266677,47.0684385,'Halici',''),(793,2345350469,15.4465619,47.0675202,'Helga Hess','www.helgahess.at'),(794,2345350470,15.4464132,47.0627619,'Zipp Fritz',''),(795,2348386324,15.4264354,47.071023,'Einrichtungsstudio Staudinger',''),(796,2348386326,15.4444424,47.0679587,'Glückssträhne',''),(797,2348386328,15.4445884,47.067981,'Indigo',''),(798,2348386331,15.4327627,47.082523,'Wäscherei Putzerei Gabriel',''),(799,2356351844,15.4215291,47.1040637,'Bipa',''),(800,2366152076,15.4149878,47.0482869,'Auto Töglhofer',''),(801,2366152077,15.4133981,47.0425929,'Farbenfachmarkt',''),(803,2378989751,15.4395114,47.0662175,'VÖB Echner',''),(804,2378989752,15.4496099,47.0642483,'Wiener Städtische',''),(805,2385421118,15.443569,47.066291,'Freedom Skateshop','http://www.freedomskateshop.at/'),(806,2385421137,15.4333974,47.0696764,'Wallride',''),(807,2386240337,15.4360809,47.0709271,'Blue Tomato',''),(808,2387460616,15.4336242,47.0723061,'Blumen Leitner',''),(809,2387460617,15.4337144,47.0718813,'Ein:Klang',''),(810,2387460624,15.4334735,47.0721463,'Zerum',''),(811,2387460626,15.433019,47.0736463,'mosaico',''),(812,2387512748,15.4335524,47.0718463,'Da Loam','http://www.selma-keramik.at/'),(813,2387608577,15.4334988,47.072084,'Bernina Nähstube',''),(814,2387608591,15.4315148,47.0710501,'Dux Records',''),(815,2387608597,15.4312647,47.0710117,'Fugoo',''),(816,2387608611,15.433521,47.0718992,'Kwirl',''),(817,2387608617,15.4337093,47.0719305,'Mesitz',''),(818,2387608686,15.4333103,47.0723986,'Raymond haar mode',''),(819,2387608692,15.4332353,47.0726163,'Schmuckes',''),(820,2387608700,15.4312652,47.071151,'Singer',''),(821,2387608706,15.4333935,47.0722869,'Tagwerk','https://www.tagwerk.at/'),(822,2387608718,15.4328047,47.0710496,'goldentime',''),(823,2388273936,15.4309058,47.0731494,'Hair & Style',''),(824,2388273937,15.4300841,47.0743734,'Marscha Dogila',''),(825,2388273960,15.4337449,47.0730391,'Schranzer',''),(826,2389390627,15.4314151,47.0736431,'Paul\'s Sekthaus',''),(827,2389390733,15.4326069,47.0736655,'Rantascha',''),(828,2389390739,15.4308756,47.0735203,'Steiner',''),(829,2390351470,15.4427626,47.0635427,'Generali Versicherung AG',''),(830,2390351471,15.4412601,47.0653909,'Stross','http://www.stross-textilreinigung.at/main.html'),(831,2393696530,15.4602524,47.08414,'Gartenbau Lederleitner',''),(832,2393803071,15.4506591,47.0636198,'Purkarthofer Inneneinrichtung','http://www.purkarthofer.at'),(833,2393803078,15.4514135,47.0641447,'Reisebüro Mag. Bretterklieber',''),(834,2401163930,15.4500571,47.0672716,'Sonnselig',''),(835,2401163931,15.4517888,47.0692962,'Türkische Lebensmittel',''),(836,2401219444,15.4359818,47.0711185,'digitalis shop',''),(837,2401219464,15.439812,47.0702663,'Fielmann','http://www.fielmann.at/filialen/graz/8010-herrengasse-9'),(838,2401290232,15.4519198,47.0663901,'Backshop',''),(839,2401290236,15.4506239,47.0669946,'verytasch','https://www.facebook.com/verytasch/'),(840,2401290240,15.4520289,47.0663529,'Marx Schuster',''),(841,2401290318,15.4501951,47.06722,'Salon Hair&Flair Goldwell',''),(842,2401290320,15.4508574,47.066387,'Trafik',''),(843,2401394030,15.4287051,47.0693595,'Bergmann','http://bilderrahmen-bergmann.at/'),(844,2403872878,15.4203354,47.102907,'DM Frisör',''),(845,2408596815,15.42403,47.07022,'Akdag Yusuf Keg - Türkische Lebensmittel',''),(846,2408596816,15.3693162,47.0525513,'Estilo Italian Fashion',''),(847,2410926594,15.4717006,47.019731,'Martin Auer','http://www.martinauer.at/filialen/'),(848,2422130028,15.4070377,47.076172,'Konditorei Klescher',''),(849,2425513970,15.4419635,47.0704023,'Casa Michaela','http://www.casamichaela.at/'),(850,2425513971,15.438962,47.070627,'A1 Shops','http://www.a1.net/'),(851,2425513972,15.4381587,47.0693062,'Textilreinigung  Murlasits','http://www.murlasits.co.at/#xl_Kontakt'),(852,2431147067,15.4415791,47.0662375,'flowerpower','http://www.flowerpower.cc'),(853,2440722502,15.4320514,47.0697391,'Pure',''),(854,2440722506,15.433533,47.0696878,'Doppelhofer & Steininger',''),(855,2440722509,15.4334529,47.0695095,'Elfi',''),(856,2440722534,15.4330875,47.0697069,'Plissee & Mode',''),(857,2440869521,15.4129583,47.0393846,'C+S Zweirad',''),(858,2440869530,15.4119424,47.0377229,'Feel your Home',''),(860,2440869565,15.4137363,47.0412644,'Hypo',''),(861,2440869573,15.4125836,47.0386353,'Peter Max','http://www.petermax.at/de/filialfinder/pmax-8053-graz'),(862,2440869598,15.4182062,47.0473706,'Ulbel','ulbel.com'),(863,2440869599,15.4132915,47.0405973,'de Witt',''),(864,2440869636,15.4127494,47.041069,'Tabak Trafik',''),(865,2442345566,15.4192398,47.083902,'Erevan',''),(866,2442384118,15.4084215,47.0426968,'Accushop','http://www.accushop.at'),(867,2442953375,15.4274292,47.0788467,'Feinkost Koroschetz',''),(868,2442954921,15.4085878,47.0910332,'Fleischerei Bernhard','http://www.fleischerei-bernhard.at'),(869,2444075880,15.4468309,47.0684736,'Blumenhaus Gauper',''),(870,2445054970,15.420188,47.102131,'Andritzer Reformhaus',''),(871,2445054971,15.4189856,47.1008318,'Styling by Mona','www.styling-by-mona.at'),(872,2448322472,15.4399005,47.0682037,'Donna di Più',''),(873,2448322477,15.4450224,47.0668647,'Haarscharf',''),(874,2448322479,15.4395896,47.0688074,'Kleidermacherei',''),(875,2448322480,15.4211821,47.1044447,'Zuckerwürfel','https://www.facebook.com/cafezuckerwuerfel'),(876,2448322482,15.4360358,47.0705763,'Das Gramm',''),(877,2448322483,15.4389419,47.0691208,'Nivea',''),(878,2448322485,15.4399726,47.06813,'Q&L',''),(879,2448322486,15.4233896,47.103057,'Schuh-Service Steingruber',''),(880,2448322487,15.4400515,47.0675094,'g.e.l.b.',''),(881,2448322488,15.4394818,47.0687104,'jacadi',''),(882,2448322541,15.4398632,47.0682829,'novosel',''),(883,2449668329,15.4610684,47.0412325,'Media Markt',''),(884,2455211844,15.4455458,47.0683609,'Theaterkasse',''),(885,2458598026,15.4203991,47.0724573,'ÖKM',''),(886,2462758695,15.4396274,47.0700101,'Trachten Gössl',''),(887,2462758717,15.4309776,47.0747819,'Bäckerei König',''),(888,2463393901,15.4317055,47.0685688,'A&E',''),(889,2463393907,15.4298751,47.0708983,'Goldpunkt',''),(890,2463393908,15.4289606,47.0769115,'Handy-Lend',''),(891,2463393910,15.4337053,47.068574,'Haendler KG','http://www.haendler.at/'),(893,2463393914,15.4295718,47.0763611,'Salon Royal',''),(895,2463393923,15.4325279,47.0676532,'J. Frühwirth',''),(896,2463393929,15.4324431,47.0675074,'Pelze',''),(897,2463393930,15.4291853,47.0767054,'Sabine´s Fotostudio Lend',''),(898,2463393932,15.4322783,47.0674225,'Salon Renate',''),(899,2463393935,15.4321578,47.0682307,'Tauchsport Pazifik',''),(900,2463393936,15.4321227,47.0673493,'Zum Griesbäcker',''),(901,2463393937,15.4337891,47.0690285,'art.vit 3',''),(904,2463393987,15.4292458,47.0766372,'pölzl',''),(905,2468773141,15.4190503,47.0686518,'Hirschmann','http://www.hirschmann-service.at'),(906,2468773145,15.4203378,47.0711724,'Merkur',''),(907,2469411185,15.4278362,47.1087583,'Die Schönheitswerkstatt',''),(908,2469425521,15.4255836,47.1021046,'Nagelstudio / Fußpflege Graziella Cosmetic',''),(909,2471611443,15.441701,47.0643069,'Vinzishop','http://www.vinzi.at/de/vinzishop-graz/'),(910,2471814039,15.4280542,47.0978041,'Wölfl','www.woelfl-baecker.at'),(911,2474183529,15.3986434,47.1048403,'Fussl Modestraße',''),(912,2474183533,15.3975942,47.1053142,'Hubert Auer',''),(913,2475991587,15.4010481,47.102357,'Gaschler','https://www.gaschler.at/contacts'),(914,2481812024,15.4309389,47.0857694,'Hanna',''),(915,2481812026,15.4329703,47.0822462,'Optik Grebien',''),(916,2481812027,15.4308931,47.0858308,'Turbo Sun',''),(917,2502419180,15.4002768,47.0242024,'Trafik',''),(918,2503804460,15.4435566,47.0681062,'Haarquadrat',''),(919,2503804461,15.4455834,47.0593172,'CTM-Fahrradwerkstatt',''),(920,2503804462,15.437083,47.0712693,'Bolia','https://www.bolia.com/de-at/'),(921,2503804463,15.4454582,47.068368,'Maxonus',''),(922,2503804464,15.4456352,47.0592518,'Moni\'s Feinkost & Imbissstube',''),(923,2503804465,15.4289045,47.0517215,'Agramer Art',''),(924,2503804467,15.4371428,47.0712994,'Scala','http://www.scala-murgasse.at'),(925,2503804469,15.4323028,47.0540196,'Vinzi Markt',''),(926,2505001620,15.4606893,47.0681463,'Absolut Hair','https://www.facebook.com/Absolut-Hair-267500063619939/'),(927,2505110095,15.4276463,47.070985,'VDB',''),(928,2505676280,15.4194813,47.0213721,'Spes Graz-Süd','http://www.spes.at'),(929,2506009218,15.4256862,47.0713046,'Uniqa Versicherungs AG','http://www.uniqa.at/uniqaat/'),(930,2506009222,15.4211008,47.0664203,'Spes Automobile','http://www.spes.at'),(931,2510965941,15.4517579,47.062624,'Kost-Nix-Laden',''),(932,2530416082,15.4472761,47.075409,'Sonnenfrosch - das Reformhaus','http://www.sonnenfrosch.at'),(933,2530416097,15.4416214,47.0654768,'Greißlerei Vegankost','http://greisslereivegankost.at/'),(934,2532680156,15.4425927,47.0688045,'Nüssler & Krammer',''),(935,2536573897,15.466703,47.0794855,'Ortho-Aktiv',''),(936,2554317596,15.4463201,47.0581835,'Ladenstein','http://www.ladenstein.at'),(937,2555336712,15.4384195,47.0818608,'sugarfree savory','https://www.sugarfree-savory.com'),(938,2557727308,15.4214285,47.1037525,'De Merin',''),(939,2560417962,15.4618068,47.0413041,'Telering-Shop Murpark',''),(941,2565961462,15.4337134,47.0707579,'She Drup Ling','www.shedrupling.at'),(942,2577907171,15.4838165,47.1028284,'Kosmetiksalon Jeannette Schwab',''),(943,2588433670,15.440346,47.0633164,'Drahtesel',''),(944,2613885483,15.4366742,47.1163056,'Otto Stieg (Imker)',''),(945,2617062230,15.4337671,47.0705691,'GEA','http://w4tler.at/'),(946,2617109298,15.4338308,47.0815483,'Optiker Wolfgang Grebien',''),(947,2622327969,15.4502332,47.0719897,'Toasted Thermic','https://www.toastedthermic.at/'),(948,2632633812,15.420416,47.0726678,'NORIS Feuerlöscher',''),(949,2632647377,15.452069,47.0707901,'Architekturbedarf Kropf','http://www.architekturbedarf-kropf.at/'),(950,2634027589,15.4174427,47.0337131,'Fressbox',''),(951,2644400541,15.4475983,47.0653085,'Malervereinigung','www.malervereinigung.at'),(952,2644412807,15.4535449,47.0502787,'Malervereinigung',''),(953,2672305203,15.420708,47.1060146,'Eisenwarenhandlung',''),(954,2672305204,15.4208276,47.1044085,'Engelshaar',''),(957,2672305224,15.420554,47.1061537,'Tabak-Trafik',''),(958,2675565659,15.4426339,47.069663,'Martin Auer (Kindercafe)','http://www.martinauer.at'),(959,2678404873,15.4567064,47.0841284,'Martin Auer',''),(960,2684465291,15.4403311,47.0695048,'T-Mobile Shop Graz Herrengasse','http://www.t-mobile.at'),(961,2699695185,15.4402161,47.0699616,'McShark','https://mcshark.at/'),(962,2699695194,15.4423376,47.0693059,'Teppichgalerie GEBA','http://www.geba.cc'),(963,2699695197,15.4394459,47.0709557,'Schullin',''),(964,2699695198,15.439757,47.0711274,'Bang & Olufsen Herrengasse','http://beostores.bang-olufsen.com/graz-herrengasse/welcome?lang=de'),(965,2699695199,15.4425572,47.0688332,'Pelzmoden Schwarz',''),(966,2717052197,15.4123311,47.0511179,'Euro Motors Graz','http://www.euromotors.cc'),(967,2731595362,15.4217489,47.1037289,'Martin Auer',''),(969,2787942816,15.4466143,47.0650317,'nail location','http://www.nail-location.com/'),(970,2797153309,15.4803868,47.0403092,'FantasTeak','http://www.fantasteak.at'),(972,2798783532,15.4416596,47.0666649,'Handy Shop',''),(973,2817915438,15.4618788,47.0412695,'Gamestop Murpark',''),(974,2829436818,15.4161863,47.0998454,'Spencer & Jones',''),(975,2832743014,15.4371355,47.0708859,'City Kosmetik (Filiale 2)','http://www.citykosmetik.at/'),(976,2832750654,15.4357697,47.0711461,'Optik Schrei',''),(977,2848839863,15.4391975,47.0715304,'First Second',''),(978,2848839884,15.4415972,47.0706609,'nino.d',''),(979,2848941252,15.4373732,47.0716633,'Calzedonia',''),(980,2848941253,15.4389922,47.0724949,'Friebe',''),(981,2848941255,15.4392153,47.0727362,'Austria Imperial',''),(982,2848941905,15.4392326,47.0727622,'Lieblingsplatz',''),(983,2848941907,15.4372333,47.0717978,'Thomas Sabo',''),(984,2848941909,15.442583,47.0713064,'Weiberkleider',''),(985,2848941910,15.4392267,47.0724794,'opio',''),(986,2849211525,15.4145887,47.0914268,'Gartner',''),(987,2849211530,15.4333309,47.0817591,'Mode Salon “Ilse“',''),(988,2849211531,15.4330956,47.082089,'Nagelstudio',''),(990,2849213805,15.414625,47.0916497,'Wolfram Kraus',''),(991,2849213806,15.433271,47.0818586,'zum Kochen',''),(992,2852284849,15.4157261,47.0482844,'auner','http://www.auner.at/'),(993,2858436152,15.4282296,47.0698032,'perludi - Kindermöbel',''),(994,2896654609,15.4310643,47.0747334,'Vinalia Graz',''),(995,2896669721,15.4310288,47.0755424,'Gemüsemarkt',''),(996,2896756742,15.4312023,47.0742628,'Frisör Musyl',''),(997,2907326434,15.4213452,47.1042544,'Fotostudio 44','http://www.fotostudio44.at'),(998,2909132632,15.4237014,47.0711579,'Compuritas','http://www.compuritas.at'),(999,2909132633,15.4282113,47.0755676,'Computerklinik','http://www.computerklinik.at'),(1000,2911768377,15.4391216,47.0719266,'Orange and Green','www.orangeandgreen.at'),(1001,2930017283,15.4226362,47.1030784,'Haar Center',''),(1002,2930017284,15.4228182,47.1031298,'Optik Wiener',''),(1003,2930017285,15.4232164,47.1031388,'Schuhhaus am Lend',''),(1004,2930017286,15.4231707,47.1031356,'Susi\'s Laufmasche',''),(1005,2930097689,15.4416745,47.0706232,'Bright','www.bright-hairdressers.at'),(1006,2930097690,15.4489472,47.0670584,'Christliche Buchhandlung Graz',''),(1007,2930097691,15.4425664,47.0640294,'Die Spielerei',''),(1008,2930097693,15.4488827,47.0670361,'Erika\'s Frisiersalon',''),(1009,2930097694,15.4417808,47.0706683,'N°8',''),(1010,2930097695,15.4395527,47.0725444,'Göttin des Glücks',''),(1011,2930097697,15.4419463,47.07075,'Kirchner',''),(1012,2930097698,15.4392692,47.0724901,'Hofring','www.hofring.at'),(1013,2930097700,15.4422136,47.0709114,'Joma Fashion Concept Store','www.jomafashion.at'),(1014,2930098004,15.4420882,47.0708127,'mexton','www.mexton.at'),(1015,2930098005,15.4428553,47.0642915,'svën',''),(1017,2933317748,15.439122,47.0688638,'Lost Soles','www.lostsoles.at'),(1018,2934189842,15.4642858,47.044777,'Schuster Schalk','http://www.schusterschalk.at/fhs/template_schusterschalk.php?ID=20&nLID=9&bereich=1'),(1019,2934254099,15.4395522,47.0686265,'Bobik',''),(1020,2934256201,15.4382354,47.0714378,'Lush',''),(1021,2934256202,15.43847,47.0713314,'Marionnaud',''),(1022,2934256251,15.4385924,47.0713395,'Ruefa',''),(1023,2934256253,15.438573,47.0712544,'The Body Shop',''),(1024,2934256254,15.4440094,47.0661838,'Zimmermann',''),(1025,2946622110,15.417962,47.0320768,'Allstar',''),(1026,2946622111,15.4014774,47.0303964,'Carglass',''),(1027,2946622112,15.4005853,47.0319098,'Farben Welt Graz',''),(1028,2946622113,15.4046991,47.0304956,'Hairlovers',''),(1029,2946622114,15.4029132,47.030164,'Kolarik & Leeb',''),(1030,2946622115,15.4047187,47.0299569,'Dr. Vinyl',''),(1031,2946623617,15.4014244,47.0305273,'Vorwerk',''),(1032,2946623618,15.4181812,47.0320479,'Zoo & Co',''),(1033,2948695102,15.412017,47.0499256,'Autoglas',''),(1034,2948695103,15.4133722,47.0526134,'Euromaster',''),(1035,2948695105,15.408341,47.0467057,'Glas Diener',''),(1036,2948695106,15.4140599,47.0530734,'Josef Magdalenz',''),(1037,2948695107,15.4150739,47.0531969,'Kienzer & Köllich',''),(1038,2948695108,15.414758,47.0527871,'Photo Studio 27',''),(1039,2948695359,15.4087673,47.0471034,'Tortenexpress',''),(1040,2964019986,15.4154996,47.0324019,'Möbelix',''),(1041,2964021519,15.4225307,47.0312397,'Bellaflora','http://www.bellaflora.at'),(1042,2964039290,15.4164557,47.0322757,'BETA Wellness','http://www.beta-wellness.com'),(1043,2964039291,15.4167321,47.0322058,'Gaschler','http://www.gaschler.at'),(1044,2972015641,15.4184007,47.0847457,'Elisabeth',''),(1048,2977507430,15.4401327,47.0723696,'Schuhwerk','https://www.schuhwerk.cc'),(1049,2980071577,15.4391924,47.0691519,'Antike Vielfalt',''),(1050,2980071578,15.4410454,47.068907,'Cadenzza',''),(1051,2980071580,15.4389737,47.0690694,'El Mundo',''),(1052,2980071582,15.4471553,47.0666212,'H+B',''),(1053,2980071587,15.4420111,47.0686162,'L\'Tur',''),(1054,2980071588,15.4394507,47.068768,'L`Occitane',''),(1055,2980071589,15.4419634,47.068656,'Neuroth',''),(1056,2980071590,15.4380431,47.0717891,'Näh- und Schnittstudion',''),(1057,2980071591,15.4331153,47.0820476,'Pascalino',''),(1059,2980071608,15.4407114,47.0665177,'Springer',''),(1060,2980071609,15.4379512,47.0716832,'AirField',''),(1061,2980071610,15.4378929,47.0702204,'interio','https://shop.interio.at/pages/interio-filiale-graz'),(1062,2980071611,15.4409865,47.0689461,'intimissimi',''),(1063,2980071612,15.4414283,47.0672784,'1,- Plus €',''),(1064,2980071613,15.4375503,47.0706535,'123gold Trauring-Lounge Graz','https://www.123gold.at/trauringe-graz.html'),(1065,2980102546,15.4009287,47.0397046,'Fingernagelwerkstatt',''),(1066,2980102548,15.4041616,47.029947,'Matratzen Concord',''),(1067,2980125398,15.4401225,47.0700415,'Claire\'s',''),(1068,2980125399,15.4404666,47.0693328,'Douglas',''),(1069,2980125400,15.4407283,47.0689001,'Gioia',''),(1070,2980125401,15.433827,47.0703509,'Heidenspass',''),(1071,2980125402,15.4406278,47.069208,'Jones',''),(1072,2980125403,15.4406806,47.0691788,'Lammer',''),(1073,2980125404,15.4400948,47.0697011,'Marionnaud',''),(1074,2980125405,15.4402485,47.0695742,'Nägele & Strubell',''),(1075,2980125406,15.4337456,47.0706963,'Pell Mell',''),(1076,2980125411,15.4400535,47.0700952,'Liebeskind Store Graz','http://at.liebeskind-berlin.com'),(1077,2980125412,15.4403097,47.0698818,'Yves Rocher',''),(1078,2987629886,15.4030328,47.1032326,'Opel Gady',''),(1079,2987638123,15.4038593,47.0994952,'Autohaus Gady Graz Nord',''),(1080,2988239391,15.4256551,47.101383,'Änderungsschneiderei',''),(1081,2988513784,15.4259697,47.0608468,'Hervis',''),(1082,2988513785,15.4267861,47.0603143,'Martin reformstark',''),(1083,2989087763,15.4271184,47.0605047,'Boutique Folger',''),(1084,2989087766,15.426085,47.0605092,'DM Frisör',''),(1085,2989087767,15.4266411,47.0608828,'Hartlauer Handy Pur',''),(1086,2989087768,15.4270275,47.0605243,'Kedem',''),(1087,2989087769,15.4272549,47.0604768,'Le Clou',''),(1088,2989087770,15.4266844,47.06076,'Mister Minit',''),(1089,2989087771,15.4273144,47.0604582,'Palmers',''),(1090,2989087772,15.4266627,47.0608157,'Pingouin Wolle',''),(1091,2989087782,15.427451,47.0604604,'Claire\'s',''),(1092,2989087788,15.4262996,47.0606912,'Restplatzbörse',''),(1093,2989087789,15.4263164,47.0606125,'Trafik',''),(1094,2989087790,15.4274028,47.0605636,'Vögele',''),(1095,2989087791,15.4267036,47.0606945,'3Dglas',''),(1096,2989385107,15.4267258,47.0665727,'Altwaren',''),(1097,2989385108,15.426814,47.067608,'Asmira Mode',''),(1098,2989385109,15.4267421,47.0678846,'Fight & Fitness Sportsworld',''),(1099,2989385111,15.426475,47.0662447,'Matratzen Concord',''),(1100,2989385123,15.4285778,47.0698616,'Salon Dora',''),(1101,2989385124,15.4264132,47.0661303,'Trafik',''),(1102,2989385125,15.424666,47.0639543,'Wolf',''),(1103,2990091568,15.4271771,47.0602764,'Betty Barclay',''),(1104,2990091569,15.4283435,47.0597691,'CCC',''),(1105,2990091570,15.4277392,47.060217,'Calzedonia',''),(1106,2990091571,15.4283884,47.0600199,'City Blumen',''),(1107,2990091572,15.4268841,47.0603048,'Cocuni',''),(1108,2990091574,15.4281939,47.0597712,'Esprit',''),(1109,2990091575,15.4278349,47.0600279,'H&M',''),(1110,2990091576,15.4282848,47.0600343,'Hubert Auer',''),(1111,2990091577,15.4273378,47.0602981,'Ingrid\'s Exclusive',''),(1112,2990091578,15.4277995,47.0601858,'Intimissimi',''),(1113,2990091579,15.426763,47.0608329,'LS Jeans',''),(1114,2990091580,15.4278559,47.0601359,'Opio',''),(1115,2990091621,15.4266881,47.0603237,'Putzerei Sauberland',''),(1116,2990091622,15.4269818,47.0602954,'Shoeextra',''),(1117,2990091623,15.4276764,47.0602277,'Steinvisionen',''),(1118,2990091624,15.4270794,47.0602859,'Tally Weijl',''),(1119,2990091625,15.428234,47.0601106,'Tom Tailor Denim',''),(1120,2990091626,15.4268557,47.0606618,'WMF',''),(1121,2990091627,15.4279908,47.0602821,'Weltladen',''),(1122,2997299958,15.4568858,47.0696634,'Edelsbrunner Orthopädie-Schuhe','http://www.ortho-edelsbrunner.at'),(1123,2997299992,15.4388382,47.0677479,'Dr. Ebner',''),(1124,3008508810,15.4342134,47.0710029,'Kunsthaus Shop','https://www.museum-joanneum.at/kunsthaus-graz/ihr-besuch/shop'),(1125,3008508811,15.4414578,47.0708217,'MuR - Modernes & Raritäten','http://mur.co.at'),(1127,3034533504,15.4431222,47.0667079,'Elektro Föchterle','http://www.elektroservice.at'),(1128,3034544835,15.437715,47.0710768,'Ara',''),(1129,3047975011,15.4304047,47.0668665,'Gold Express',''),(1131,3048133329,15.4389802,47.0719481,'Alles für die Torte',''),(1132,3048133330,15.4399142,47.0742779,'Alt-Paulustor',''),(1133,3048133332,15.4390399,47.0719408,'Belgische Chocolaterie',''),(1134,3048134034,15.4399503,47.0743762,'Enigma',''),(1135,3048134035,15.4397407,47.0714076,'Estilo',''),(1136,3048134038,15.4398432,47.0740723,'Help Orthopädie','www.help-orthopaedie.at'),(1137,3048134039,15.4392165,47.0718074,'Jevnisek',''),(1138,3048134040,15.4394871,47.0713161,'Koss',''),(1139,3048134041,15.439242,47.071909,'Kunst Galerie Holasek',''),(1140,3048134042,15.439014,47.0718449,'Musik am rechten Fleck','www.musik-fleck.at'),(1141,3048134051,15.4396176,47.0718329,'Richter',''),(1142,3048134052,15.4396908,47.0734575,'pro mente stmk','promente-shop.at'),(1143,3048174116,15.4336293,47.0282871,'Bipa','http://www.bipa.at/'),(1144,3048174117,15.4004526,47.0225132,'Jurtin medical','www.jurtin.at'),(1145,3048174118,15.4007313,47.0223005,'Kinderladen Bambini',''),(1146,3048174119,15.4004704,47.0226011,'Optica',''),(1147,3053689315,15.4434361,47.0666285,'Bonaplanta',''),(1149,3077989542,15.4385811,47.0680991,'Foto Weiss','http://www.pixelland.at/'),(1150,3080432792,15.4054609,47.0954411,'Pagro',''),(1151,3080432793,15.4053669,47.0956487,'dm',''),(1153,3083293495,15.432717,47.0707989,'LayerLab','https://www.layerlab.net'),(1154,3085953422,15.4488265,47.0717386,'Tabak Trafik',''),(1155,3086668156,15.4456263,47.0756609,'Frisiersalon Gabriele',''),(1156,3086927214,15.4196659,47.0320381,'Sport Marken Outlet','http://www.sportmarkenoutlet.at/'),(1157,3086927215,15.4200676,47.0319496,'Pagro Diskont','http://www.pagro.at/'),(1158,3086927216,15.4204132,47.0318994,'KiK','http://www.kik-textilien.at/'),(1159,3086927217,15.4207317,47.031841,'Dänisches Bettenlager','http://www.daenischesbettenlager.at/'),(1160,3086927383,15.4211147,47.0318308,'Fressnapf',''),(1161,3086927384,15.4213925,47.0318287,'Golf House','http://www.golfhouse.at/'),(1162,3087319760,15.4138201,47.033928,'BabyOne','http://www.babyone.at/'),(1163,3087319761,15.4136538,47.0337799,'Toys\"R\"Us','http://www.toysrus.at/'),(1164,3087319762,15.4169449,47.0345167,'electronic4you','http://www.electronic4you.at/'),(1165,3092569985,15.4237786,47.1135098,'Tabak Trafik',''),(1166,3096409278,15.4281324,47.0598603,'Müller',''),(1167,3103409531,15.45085,47.0718966,'Muchar Upcycles','http://www.mucharupcycles.com'),(1168,3103409532,15.4411272,47.0674685,'togethair','http://www.togethair.com'),(1169,3105283254,15.4385615,47.062846,'Vogl + Co',''),(1170,3105283260,15.4417589,47.0645819,'Bestattung Graz','http://www.holding-graz.at/bestattung.html'),(1171,3108951530,15.4519064,47.0682087,'Michaela',''),(1172,3117535086,15.4511794,47.0513579,'Bioresonanz Irene',''),(1173,3117535087,15.4434171,47.0574812,'Lackiererei Nezmahen','http://www.nezmahen.at'),(1174,3117535088,15.4499291,47.0526959,'Linde',''),(1175,3117535121,15.4498877,47.0527988,'Zieger',''),(1176,3120487032,15.4360529,47.0698803,'Annachord','www.annachord.at'),(1177,3120487033,15.4430212,47.0631046,'philoro EDELMETALLE','https://philoro.at/'),(1178,3120487040,15.4382621,47.0690658,'Petra',''),(1179,3120487113,15.4551559,47.0474623,'Rasiererfachgeschäft',''),(1180,3120487115,15.445086,47.0593237,'Ritter Nails',''),(1181,3120487118,15.4360488,47.0706579,'Die Reiserei',''),(1182,3120739102,15.4325031,47.0519739,'Brandl',''),(1183,3127764092,15.4442677,47.0700034,'Vinothek bei der Oper',''),(1185,3148990578,15.4327847,47.073552,'Offline Retail',''),(1186,3148992216,15.4348376,47.0751211,'afro american hair salon nanah',''),(1187,3151716093,15.4394171,47.0739897,'Hifiteam Czesany GmbH','www.hifiteamshop.at'),(1188,3180330601,15.4041966,47.0697717,'Pagro',''),(1189,3191379800,15.4332776,47.0732479,'Hausfrauenpalast','www.facebook.com/102420413164501'),(1190,3191379801,15.4313718,47.0739347,'Feichtinger Schmuckhandel','http://www.feichtinger.biz'),(1191,3195647592,15.4328125,47.0711206,'Taiga Conceptstore','http://www.taiga.cc/'),(1192,3207328514,15.4311999,47.0772737,'Aristokrat','http://www.aristokrat.cc'),(1193,3207328515,15.4314178,47.0773349,'Rohani Teppiche','http://www.rohani.at/'),(1194,3207368173,15.4375547,47.0709478,'Fleischerei Hütter','http://www.fleischerei-huetter.at/'),(1195,3207486150,15.4396843,47.0664426,'ÖAMTC Reisebüro','http://www.oeamtc.at/'),(1196,3219922603,15.4430448,47.0671303,'Stylish',''),(1197,3219922604,15.4425565,47.0691864,'Naturprodukte von den Bienen',''),(1198,3237104448,15.445949,47.0647971,'Biogena','http://www.biogena-lounge.at'),(1199,3237104449,15.4167776,47.0351292,'Libro','http://www.libro.at'),(1200,3237104450,15.4467855,47.0650367,'Medizinprodukte',''),(1201,3237104451,15.4162962,47.0343355,'dm','http://www.meindm.at'),(1202,3268679263,15.4315896,47.0741476,'Grünschnitt','http://www.friseur-gruenschnitt.at'),(1203,3274523680,15.4332187,47.0458539,'Kern','http://baeckerei-kern.at'),(1204,3278823914,15.4377651,47.070927,'Heissenberger',''),(1205,3298208061,15.4177031,47.032111,'Steinecker',''),(1207,3324018465,15.4344934,47.0514459,'Raumdruck','http://www.raumdruck.at'),(1209,3344170161,15.422062,47.114057,'Best Beauty',''),(1210,3344170162,15.4219816,47.1140581,'Deko Line','www.deko-line.at'),(1212,3344170171,15.4224036,47.1140243,'RoFa Sport',''),(1214,3350440780,15.4203218,47.1051804,'Aurana',''),(1216,3350445824,15.4204019,47.106276,'Rasenmäher Technikcenter','www.dlz.co.at'),(1217,3354681841,15.4331742,47.0753824,'Umverteiler',''),(1218,3355112704,15.4220858,47.114339,'Helmut A. Knödl',''),(1219,3361911100,15.485824,47.0452162,'T-i-M DI Christian Kappel e.U.','http://www.tim.co.at/'),(1220,3372002208,15.415415,47.1095444,'Änderungsschneiderei',''),(1221,3385998828,15.4504613,47.0672814,'Tapezierer Kaufmann','http://www.tapezierer-kaufmann.at'),(1223,3405460154,15.4594792,47.0895879,'Matratzen Concord',''),(1225,3406085604,15.4260815,47.101477,'Strini','http://www.designwohnen.at/'),(1226,3423990888,15.4138464,47.0930469,'Eisstöcke',''),(1227,3424695998,15.4337042,47.071328,'Scala','http://www.scala-messer.at'),(1228,3424880129,15.4251217,47.1002891,'Blumen:Gran','www.blumen-gran.at'),(1229,3424880130,15.4028699,47.1116397,'Dennig Angus Beef',''),(1230,3424880132,15.4415284,47.0664879,'Wölfl',''),(1231,3424880133,15.4245736,47.1003884,'Küchen-Möbel-Raumdesign Griessner','www.tischlerei-griessner.at'),(1232,3428426886,15.4625144,47.0404835,'DM',''),(1233,3428426887,15.4442912,47.0676259,'DM',''),(1234,3428488653,15.3957291,47.0578011,'BioShop','http://www.bioshopgraz.at/'),(1235,3434359495,15.4470597,47.0688503,'Foto Baldur','http://www.fotobaldur.at'),(1236,3445256032,15.4448474,47.03451,'Elektrofahrradcenter Graz',''),(1237,3445256033,15.4263506,47.074928,'Rebikel',''),(1238,3452051778,15.3997108,47.1040053,'CCC',''),(1239,3452051779,15.3999952,47.1038957,'Deichmann',''),(1240,3452051780,15.4002124,47.1037771,'Dressmann',''),(1241,3452051781,15.4003036,47.1036657,'Charles Vögele',''),(1242,3452051782,15.4005477,47.1034959,'New Yorker',''),(1243,3452051783,15.4005343,47.1039268,'Kern','http://www.baeckerei-kern.at/#stores'),(1244,3452051784,15.4003439,47.1040692,'Geschenkeparadies',''),(1245,3452051785,15.4008052,47.103317,'Mister Lady',''),(1246,3452051786,15.4009479,47.1031744,'K+Ö GigaSport',''),(1247,3452051787,15.4011815,47.1029335,'Müller',''),(1248,3452051788,15.3994791,47.1039694,'Das Futterhaus',''),(1249,3453978490,15.4583688,47.0240747,'Michaela',''),(1250,3467854501,15.4390106,47.0690208,'Spielzeugschachtel','http://www.spielzeugschachtel-graz.at'),(1251,3468108590,15.4328904,47.0793784,'Bicycle','http://www.bicycle.at/'),(1252,3493043980,15.4685934,47.1190343,'Pfeifer-Sieber',''),(1253,3493248686,15.4278992,47.0667434,'Obsthof',''),(1254,3505713672,15.4288468,47.0699946,'AllerLEIHLaden','http://www.allerleihladen.at'),(1255,3507809099,15.4460531,47.0677007,'Teppichhaus Dipl.Ing. Karimi',''),(1256,3507809100,15.446221,47.0675594,'Vipauz',''),(1257,3507809101,15.436115,47.0703344,'böhm',''),(1258,3519881753,15.4442172,47.0671353,'Perviva',''),(1259,3534219908,15.4391671,47.0704465,'Angolo',''),(1260,3534219910,15.4429215,47.066893,'Frisier Salon Reck',''),(1261,3534219915,15.4392976,47.0707373,'Schullin',''),(1262,3534219916,15.4495104,47.0665086,'Unique',''),(1263,3562211663,15.4426928,47.0648926,'Take the Cake',''),(1264,3569288704,15.4812339,47.0405738,'C. Bergmann Fliesen','http://www.c-bergmann.at/Fliesen/'),(1265,3569288707,15.444264,47.034383,'Quester Fliesen & Parkett',''),(1266,3576905145,15.4401284,47.069377,'Mészáros Macaron and Dessert Boutique',''),(1267,3578416207,15.4117739,47.0660422,'ÖAMTC Graz-West',''),(1268,3578416208,15.4122068,47.0661975,'ÖAMTC Graz-West',''),(1269,3579990763,15.4217126,47.0861766,'Dorbeya',''),(1270,3579990765,15.4217943,47.0737494,'Frisör',''),(1272,3580975045,15.432182,47.0833734,'Mayerhofer Pelze',''),(1273,3580975046,15.433025,47.0821773,'Nostalgisches & Neues',''),(1276,3580975084,15.4238387,47.093266,'Sintec IT-Service',''),(1277,3584329174,15.4209192,47.1037153,'Tiffany',''),(1278,3588654208,15.4303348,47.0710827,'Handy Gold Shop',''),(1279,3588654209,15.439944,47.0734891,'Net nur Shirt',''),(1280,3588654210,15.4335111,47.0719911,'Pane',''),(1281,3588654214,15.427428,47.0712401,'Tornado',''),(1282,3588654215,15.4277012,47.0712211,'chic',''),(1284,3595918165,15.4665025,47.0290762,'Autobahn-Zoo',''),(1285,3595919123,15.4682245,47.025182,'Haarvanna','http://www.haarvanna.at'),(1287,3606637750,15.4427064,47.0563748,'SEFRA','http://www.sefra.at'),(1288,3606684876,15.4300295,47.0567486,'ATSW - Kfz-Wuthe','http://www.atsw.at/'),(1289,3615772355,15.4180368,47.0977474,'Carla',''),(1290,3615772356,15.4159745,47.0833419,'Hali Büromöbel','http://www.hali.at/de/kontakt/'),(1291,3615772371,15.4120361,47.0878251,'Revolution Tattoo',''),(1292,3615772373,15.4090264,47.0904754,'haar genau',''),(1293,3620563560,15.44005,47.0724374,'Antiquitäten',''),(1294,3639251892,15.4043397,47.0701614,'DM','http://www.dm-drogeriemarkt.at'),(1295,3639483722,15.4012642,47.1035257,'KIDS SHOE OUTLET',''),(1296,3639483723,15.4011435,47.1037028,'FAUSTMANN',''),(1297,3674079733,15.4329131,47.0267072,'Wunderland Hanfshop und Zierpflanzenhandel',''),(1298,3676824249,15.4055106,47.095921,'Tabak Trafik',''),(1299,3711663005,15.402649,47.0704472,'Heidemarie Wagner Tabaktrafik',''),(1300,3713041530,15.4030826,47.0722641,'Schatztruhe','http://schatztruhe-graz.at/'),(1301,3714311536,15.4465963,47.0682415,'Kasalm','http://www.kasalm.at'),(1302,3714311537,15.4462316,47.0684191,'Natureck Pelzmann',''),(1303,3726198762,15.4465001,47.0682874,'Julia Jeschek',''),(1304,3726203997,15.4451764,47.0679155,'Brantner','http://www.reformhaus-brantner.at/'),(1305,3730895224,15.4622664,47.0372892,'Haarimpuls',''),(1306,3740311722,15.4151805,47.0362058,'Rudolf Paar Waffen',''),(1307,3749923751,15.4019427,47.095154,'Billa',''),(1308,3752583611,15.4425999,47.0653376,'Hörgeräte Kamper','http://www.klaus-kamper.at'),(1309,3754439629,15.443954,47.0676278,'ROMA Friseurbedarf - Steirerhof','http://www.roma.at'),(1310,3754439630,15.4337616,47.0725037,'ROMA Friseurbedarf - Kramer','http://www.roma.at'),(1311,3763384980,15.4370997,47.0721874,'Kuoni',''),(1312,3763384981,15.4372217,47.072097,'Ludwig Reiter',''),(1313,3763384983,15.437437,47.0724379,'Streif',''),(1314,3763400308,15.4413376,47.0646893,'Regionarrisch','http://regionarrisch.info'),(1315,3763400309,15.4413149,47.0647672,'Handy Bausteine',''),(1316,3763400311,15.4415144,47.0651481,'Imex',''),(1317,3763400312,15.4410873,47.0649432,'Lumikki',''),(1318,3763400313,15.4413019,47.0648575,'Opalka',''),(1319,3763400314,15.4407528,47.0648117,'Prontolux',''),(1320,3763400315,15.4412224,47.0652995,'feelgood studio',''),(1321,3773149947,15.469289,47.0591835,'Neuroth',''),(1322,3776987774,15.4285522,47.0711746,'Repa Copy',''),(1323,3798243681,15.4137754,47.0428085,'tscherne',''),(1324,3799574442,15.432233,47.0709928,'Baumgartner',''),(1325,3799991851,15.4021225,47.1026804,'Steyr-Werner','https://www.steyr-werner.at/kontakte/niederlassungen/graz'),(1328,3822992997,15.4245443,47.0638175,'Pfandleihhaus',''),(1329,3835638024,15.4098111,47.0535065,'Spar Peter-Rosegger-Strasse',''),(1332,3838761703,15.4450092,47.067879,'Möbelhaus Loran',''),(1333,3840898282,15.4377161,47.0701754,'T. O. Stoffe','http://www.stoffgeschaeft.com'),(1334,3858661561,15.432578,47.0736847,'Uhren',''),(1335,3860840224,15.4409392,47.0677161,'Anna Maria',''),(1336,3865936466,15.4411019,47.0677878,'Art & Fashion Team',''),(1337,3865936467,15.439681,47.0672151,'Daniela',''),(1339,3871899880,15.4459743,47.0753004,'Uni-Antik',''),(1340,3871899881,15.445596,47.0756931,'Wunderkammer',''),(1341,3884607318,15.428389,47.0717191,'Pagro',''),(1342,3885161495,15.459057,47.0660773,'Easy Success Studienbetreuung Lektorat',''),(1343,3890293287,15.4485305,47.0755332,'Hairpower',''),(1344,3890293288,15.4465004,47.0752026,'Michaela`s Papierfachgeschäft',''),(1345,3902924593,15.428346,47.059905,'Leykam',''),(1346,3902924594,15.4282947,47.0596744,'Saturn',''),(1347,3916710975,15.4455831,47.0669367,'Druckershop','http://druckershop.com/standorte/druckershop-8010-graz/'),(1348,3919403633,15.4270167,47.0603155,'T-Mobile Shop Graz Citypark','www.t-mobile.at'),(1349,3930873854,15.4412443,47.0709513,'Kaspar Harnisch - Bastelbedarf',''),(1350,3931240206,15.4498002,47.0719405,'Blazek',''),(1351,3931240207,15.4499389,47.0719505,'Uhren Goldschmied',''),(1352,3931240208,15.4496464,47.0719306,'freistil und Schlafsofa Store','http://www.wohndesign-maierhofer.at/impressum.php'),(1353,3931378159,15.4401622,47.0584334,'Glas Wendl',''),(1354,3931378160,15.4404491,47.058575,'Tabak Trafik',''),(1355,3931378162,15.4404363,47.0586476,'Unless Afro Shop',''),(1356,3931378163,15.4289322,47.0666658,'freiberger+stiger',''),(1357,3932199423,15.4560448,47.0479584,'Peter Max','http://www.petermax.at/de'),(1358,3940673217,15.441035,47.0564124,'Fashion Dog\'s',''),(1359,3940673219,15.4407256,47.0562704,'KiK',''),(1360,3940673220,15.4410165,47.0564785,'BF-Laptops-Notebooks',''),(1361,3941439175,15.4428759,47.0685857,'Samsung Customer Service Center','http://www.samsung.com/at/microsite/servicecenter/'),(1362,3944724699,15.4529674,47.0726824,'Rupert Hofer',''),(1363,3944724700,15.452734,47.0727351,'Salon',''),(1364,3944724701,15.4528138,47.0727805,'Schlosserei Ritonja','http://www.schlosserei-ritonja.at/'),(1365,3944724702,15.4528541,47.0726145,'Tommy & Lilly\'s Nähoase',''),(1366,3944983354,15.4472092,47.0651398,'little fashion',''),(1367,3944983356,15.4471184,47.0651132,'re.turn - city',''),(1368,3945071413,15.4628805,47.0662832,'MAD Teppich Galarie, Service Center',''),(1369,3951499242,15.4363013,47.0735416,'GOLDZANDER - Juwelier im Zanderhof','www.goldzander.at'),(1370,3957697793,15.4394849,47.0792517,'Klavierhaus Streif','http://www.klaviere-streif.com'),(1371,3963938335,15.4643625,47.0648962,'Weninger',''),(1372,3968286833,15.4336581,47.072041,'EVETO','www.eveto.at'),(1373,3977108136,15.4332285,47.0476346,'Carla & Möbelverkauf',''),(1374,3977108137,15.4368115,47.083949,'Carla & Paul - Shop',''),(1375,3977108138,15.4533435,47.0731018,'Naturladen Kleine Hexe',''),(1376,3977108139,15.4357943,47.0735483,'Ompura','www.ompura.at'),(1377,3979611308,15.4432004,47.0706605,'Taschnerei Konrad Pölzer',''),(1378,3987016843,15.4189152,47.0853982,'Fleischerei Poparić','https://www.facebook.com/Fleischerei-Poparic-1018141698209005/'),(1379,3994392558,15.4481882,47.0683372,'Schwar Orthopädische Schuhe','http://www.orthopaedie-schwar.at/'),(1380,4024383794,15.4469592,47.0692354,'Siematic',''),(1381,4026956499,15.4466632,47.067638,'Zechner',''),(1383,4051146758,15.4376926,47.0344357,'S&K Werkstatt GmbH','http://www.sk-werkstatt.at/'),(1384,4067941625,15.4443949,47.0682972,'Ayurveda',''),(1385,4076291020,15.46347,47.0671658,'1st-Relief e.U. - Yacht- und Bootszubehör','http://www.1st-relief.com'),(1386,4078505532,15.4325028,47.071109,'by Luis',''),(1387,4078510935,15.428071,47.065952,'Akdag Lebensmittel',''),(1388,4079036535,15.457623,47.075005,'Elektro Mauerhofer',''),(1389,4079036536,15.4572417,47.0745694,'cmi','https://www.forbettercoffee.com/'),(1390,4087071885,15.4396989,47.0699429,'Huber',''),(1391,4087071886,15.439791,47.0698811,'Tamaris',''),(1392,4098355463,15.4423329,47.0661213,'Bücher-Wolf',''),(1393,4099166686,15.4273511,47.0591683,'JAGUAR & LAND ROVER Center','http://www.jaguar-landrovercenter-graz.com'),(1395,4146584092,15.4066313,47.070232,'Trafik',''),(1396,4150213311,15.4665889,47.0794824,'GRUBER Reisen',''),(1397,4168094380,15.4420674,47.0663058,'Anigame',''),(1398,4168094381,15.4435305,47.0665758,'DaRetroShop',''),(1399,4168094383,15.4373702,47.071997,'Xocolat','http://www.xocolat.at'),(1402,4191861086,15.4400197,47.0684946,'Carina Harbisch Fashion Store','http://www.carinaharbisch.com'),(1403,4197978680,15.4500947,47.0640456,'Artandtrade','www.art-andtrade.com'),(1404,4197978682,15.4490885,47.0641534,'Helge Murgg',''),(1405,4197978683,15.4503335,47.063962,'TechnoCell',''),(1406,4203973661,15.4364709,47.070984,'City Kosmetik',''),(1407,4207174540,15.4876679,47.0848624,'Greimel','http://www.kaufhaus-greimel.at/'),(1408,4207174541,15.4876089,47.0848703,'Putzereiannahmestelle',''),(1409,4209413979,15.394307,47.1003961,'Hubert Auer',''),(1410,4211076024,15.4217023,47.0625161,'Porsche Austria IBS Stützpunkt Graz 1',''),(1411,4211084582,15.4016524,47.0400606,'Porsche Austria IBS Stützpunkt Graz 2',''),(1412,4212079167,15.4419243,47.0704686,'Fiagaro Inzahi','http://www.inzaghi.at'),(1413,4215036897,15.4363278,47.0699211,'Fahrenbruch','http://www.fahrenbruch.at'),(1415,4221662597,15.4410775,47.0710687,'Carolinenhaus',''),(1416,4221664092,15.4410823,47.0710823,'Buchbinderei Folkhard','https://www.buchbinderei-graz.at/'),(1417,4221673492,15.4390334,47.0718862,'Richter',''),(1418,4221691713,15.4408585,47.0708814,'Reisebüro Südland',''),(1419,4221737790,15.4414026,47.0705599,'Schoko-Schmiede',''),(1420,4221769289,15.4409132,47.0708763,'Pilatus',''),(1421,4228889649,15.4516587,47.0608938,'Attenberger',''),(1422,4230787906,15.4434685,47.0619193,'Schalk',''),(1423,4232500116,15.4402217,47.0664815,'Der kleine Rebus',''),(1424,4232500117,15.4399176,47.0664597,'Dunkler',''),(1425,4232500118,15.4403616,47.0665084,'L&A',''),(1426,4232500120,15.4432607,47.0665763,'Susi',''),(1427,4232500121,15.4429066,47.0663848,'Wohnstil Grabner',''),(1428,4232500122,15.4394246,47.0672763,'Zaim',''),(1430,4237317719,15.4417584,47.0717773,'Felix Eck',''),(1431,4241461901,15.4714604,47.0573937,'Kummer',''),(1432,4241461902,15.4711721,47.0572309,'Spar Express',''),(1433,4242108680,15.4229161,47.0714321,'Annen Cafe',''),(1434,4242108681,15.4224219,47.0711983,'Canon Rottmann',''),(1435,4242108683,15.422549,47.0714408,'Lebensmittel aus Ungarn',''),(1436,4242108684,15.4226844,47.0714367,'Strickliesl',''),(1437,4242963016,15.4403704,47.0683672,'Figaro',''),(1438,4242963017,15.4445192,47.0677817,'Flair',''),(1439,4242963018,15.4448317,47.0678644,'Glücksperle',''),(1440,4242963019,15.4669541,47.0796465,'Hansaton',''),(1441,4242963021,15.4581927,47.0752455,'Kleine Malwerkstatt',''),(1443,4249508189,15.4362014,47.0701177,'NTG 25 - Mode und mehr',''),(1444,4256365323,15.4447955,47.0699563,'Lichthaus zur Oper',''),(1445,4272361820,15.4331635,47.072976,'Schranzer',''),(1446,4275510248,15.4312716,47.0669316,'Feinkost Schein',''),(1447,4275510249,15.4317901,47.067275,'Abaawa Afro Shop',''),(1448,4291611535,15.4398782,47.0741455,'Venetia',''),(1449,4293467313,15.4350534,47.0747655,'E.R.F.',''),(1450,4293467314,15.4463385,47.0749397,'Holper',''),(1451,4296154366,15.4322762,47.030416,'Brau Union Getränkeshop',''),(1452,4297207296,15.4363188,47.0725169,'Antikes Kabinett',''),(1453,4297207297,15.4356421,47.0738377,'Blaublut',''),(1454,4297207299,15.4382848,47.0718884,'Douglas',''),(1455,4297207301,15.4390316,47.0723739,'Gold Ankauf',''),(1456,4297207302,15.435283,47.0740199,'Goldway',''),(1457,4297207304,15.4355338,47.0740012,'Boutique Gerstner',''),(1458,4297207305,15.4356706,47.0737349,'Holasek','http://www.kunstmeilegraz.at/antiquitaeten-dipl-ing-holasek/'),(1459,4297207306,15.4363864,47.0723101,'Infected',''),(1460,4297207307,15.4386603,47.07226,'Kedma',''),(1461,4297207308,15.4390638,47.0723908,'Kunst Art Werkstatt Graz',''),(1462,4297207309,15.4383428,47.0721392,'Michael Plummer',''),(1463,4297207310,15.4356531,47.0738073,'Mostegl',''),(1464,4297207311,15.4383292,47.0719162,'Nowi',''),(1465,4297207312,15.4351271,47.0740062,'Physiotherm','www.physiotherm.com'),(1466,4297207313,15.4386194,47.0722116,'Pierre',''),(1468,4297207384,15.4389589,47.0723523,'Schick Fashion',''),(1469,4297207385,15.4358667,47.073044,'Stajan',''),(1470,4297207386,15.4385502,47.0718043,'Studio Engel',''),(1471,4297207387,15.4358429,47.0731486,'Tabak Trafik',''),(1472,4297207388,15.4356037,47.0735173,'Vörösmarty',''),(1473,4298812368,15.4420197,47.0707746,'Ancient Art',''),(1474,4298812370,15.4445259,47.0699247,'Berlinchen',''),(1475,4298812371,15.4441928,47.0702534,'Berlinchen-Workshops',''),(1476,4298812373,15.4421818,47.0691644,'Butlers','https://www.butlers.com/butlers-graz-hans-sachsgasse-5'),(1477,4298812376,15.444206,47.0696469,'Christian Jungwirth',''),(1478,4298812377,15.4380511,47.0680151,'Christine Rohr',''),(1479,4298812378,15.4435148,47.0680701,'Digital Camera Graz',''),(1480,4298812379,15.4378298,47.0692115,'Evamaria Thonet',''),(1481,4298812381,15.4397614,47.0707529,'Foto Fischer',''),(1482,4298812383,15.4379736,47.0692841,'Glamour & Klassik',''),(1483,4298812384,15.4439758,47.0700877,'Glücksstelle Fochler',''),(1484,4298812385,15.4418845,47.0707124,'Güldenstern',''),(1485,4298812386,15.4415952,47.0704955,'Hadler',''),(1486,4298815389,15.4445287,47.0684789,'Jaga\'s Steirerei',''),(1487,4298815390,15.4379616,47.0679891,'La Bionda',''),(1488,4298815392,15.4435861,47.0696218,'MP7',''),(1489,4298815393,15.4426707,47.0705077,'Magazzin',''),(1492,4298815831,15.4429197,47.070171,'R. Leykauf',''),(1493,4298815832,15.4385195,47.0691044,'René Rauschl','www.viktorsteinwender.at'),(1494,4298815833,15.4385288,47.0676383,'Rosi\'s Haarstudio',''),(1495,4298815834,15.4398019,47.0706428,'Salamander',''),(1496,4298815835,15.4371538,47.0680603,'Showroom',''),(1497,4298815837,15.4441527,47.0703011,'Steiner Teppichwäscherei',''),(1498,4298815838,15.4438999,47.0705781,'Glaserei Steiner Uitz','http://www.kreativglas.at/de/standorte/'),(1499,4298815839,15.4381483,47.06803,'Tabak Trafik Thomas Strohmayer',''),(1500,4298815841,15.4444494,47.0699946,'Tabak Trafik',''),(1501,4298815842,15.4405136,47.0684438,'Teppiche Tax-Szilvay',''),(1502,4298815844,15.4434094,47.0696245,'fresh spa','www.freshspa.at'),(1503,4299717107,15.4338581,47.0780331,'Bicycle Fahradverleih und Fahradwaschanlage','http://www.bicycle.at/'),(1504,4299717108,15.4655282,47.0629578,'dm Firiseurstudio',''),(1505,4299717109,15.4654042,47.0629296,'dm Kosmetikstudio',''),(1506,4300854933,15.436451,47.0713679,'Kastner und Öhler Home',''),(1508,4304587095,15.4388726,47.071006,'Big Bag',''),(1509,4304587097,15.4387117,47.068652,'Kosmetiksalon Andrea',''),(1510,4304587609,15.4395711,47.0705103,'Salamander',''),(1511,4305617209,15.4360654,47.0659136,'Art Department','www.artdeptatoo.com'),(1512,4305617210,15.4361029,47.0656546,'Egger',''),(1513,4305617211,15.4378019,47.0676329,'Hairstyling P3',''),(1514,4305617258,15.4360815,47.0657323,'Rantascha',''),(1515,4305617259,15.436052,47.0659775,'Tabak Trafik',''),(1516,4310441114,15.4312482,47.0658777,'Marti Reisen','http://www.martireisen.at'),(1517,4311690762,15.4603182,47.0743393,'Haarmode Gabi',''),(1518,4311690764,15.4640627,47.0790063,'Home Gartner',''),(1519,4343162736,15.4457335,47.0667125,'Casa Selkis','http://jakomini.heinzelmaennchen.at/data/18177/'),(1520,4348078564,15.4673461,47.0668716,'Leitner',''),(1521,4367478689,15.4246009,47.0726057,'LG-Licht u. Elektrotechnik GmbH & Co KG','http://www.lg-licht.at'),(1522,4417441978,15.4523994,47.0493656,'ALPHA Bestattungen','http://alpha-bestattungen.at/'),(1523,4454694341,15.4361499,47.0252596,'Louis Mega Shop Graz',''),(1524,4458250219,15.4122032,47.0242723,'Syswork IT',''),(1525,4477086944,15.4025674,47.0880262,'Pfötchenstube Gösting','http://pfötchenstubegösting.at'),(1526,4477549638,15.4310268,47.0766396,'Susan Beauté',''),(1527,4483907190,15.4034708,47.0698203,'Tedi',''),(1528,4486567422,15.3995498,47.0277606,'Würth - Kundenzentrum','https://www.wuerth.at'),(1529,4487675494,15.4421367,47.0668421,'FlixBus',''),(1530,4487675992,15.4339454,47.0266937,'Voodoo Tattoo','http://voodoo-tattoo.at'),(1531,4498189196,15.4241349,47.0716584,'Huber Reisen',''),(1532,4513494895,15.4622803,47.0407875,'McShark',''),(1533,4516470106,15.4406188,47.0725606,'SUN/SET/STAR',''),(1534,4516506820,15.4701781,47.0585986,'e-dampfzigarette','http://www.e-dampfzigarette.at/'),(1535,4516525824,15.4042296,47.0641449,'Dampferhütte Graz','https://dampferhuette.at/E-Zigarette-Graz'),(1536,4516552175,15.3929738,47.0632768,'Citydampf','http://citydampf.at/shop/'),(1537,4534091994,15.4000411,47.0213702,'Mega DVD',''),(1538,4534138152,15.4649244,47.0305197,'Optik Temmel','http://www.optik-temmel.at'),(1539,4539490413,15.4179663,47.0734118,'Hofer',''),(1540,4543124291,15.4281843,47.0709366,'Billa',''),(1541,4544637493,15.4296595,47.0236811,'Billa',''),(1542,4550053383,15.4397532,47.0709874,'Guldenbrein',''),(1543,4550053386,15.4400321,47.0708369,'Kunsang Tibet Shop',''),(1544,4554117889,15.4405533,47.0709201,'Bücherstube',''),(1545,4562772936,15.4459654,47.0669045,'Dr. Bottle','http://www.drbottle.at/'),(1546,4562772937,15.4455275,47.0667873,'Feng Shui',''),(1547,4564922806,15.4318952,47.0697381,'Einhaar',''),(1548,4565778579,15.431927,47.0695069,'Spa zur Sonne','https://shop.spa-graz.at/'),(1549,4587217901,15.4068262,47.0741636,'Salon Evelyn',''),(1551,4607458967,15.4402573,47.0701571,'s´ Fachl','http://www.fachl.at'),(1552,4607529316,15.4227276,47.1135781,'Blumenhaus Zötsch','http://www.blumenhaus-zoetsch.at/'),(1553,4607529317,15.4389374,47.120944,'Erika - Bastelladen',''),(1554,4614918910,15.4598238,47.0890823,'Glücksbringer',''),(1555,4637859864,15.4622578,47.0410972,'Martin Auer',''),(1557,4643797141,15.4724707,47.0568255,'Bestattung Wolf',''),(1558,4646142189,15.4383509,47.0675651,'Friseurbedarf',''),(1559,4646142191,15.4382075,47.0675192,'Feinkost M. u. H. Langer',''),(1560,4648786859,15.4473004,47.0656872,'Stichtag',''),(1561,4648786860,15.4484671,47.0644799,'Barbershop Holy Tiger',''),(1563,4663406792,15.4274607,47.0666535,'Der KOPIER Laden - Roswitha Wilfling KEG',''),(1564,4664883331,15.4224484,47.1032825,'Fleischerei Kollar-Göbl','http://www.kollar-goebl.at/standort-graz-andritz/'),(1565,4671670147,15.4550412,47.0642466,'Gallier',''),(1566,4678786658,15.3944305,47.0473117,'Billa','https://www.billa.at/'),(1567,4679922716,15.4504543,47.0687232,'Printservice der TU Graz',''),(1568,4680962165,15.4214547,47.0815618,'Norge Putzerei / Wäscherei',''),(1569,4680962166,15.4215817,47.0816236,'Männerfriseur',''),(1570,4682199706,15.4415859,47.0661038,'Biosthetik Friseur Eva','http://friseur-eva.at/friseur-graz/'),(1571,4682435750,15.3856616,47.0467829,'Bio Hofladen','http://www.fachschulen.steiermark.at/cms/beitrag/12109777/107836091'),(1572,4685027626,15.4407772,47.06895,'Flying Tiger Copenhagen','http://at.flyingtiger.com/de-at/countries/austria/stores/at105'),(1573,4692972718,15.4360568,47.070493,'Kitsch & Kunst','http://www.kitschundkunst.at'),(1574,4693752897,15.4170187,47.0725634,'Brezelkönig',''),(1575,4703384482,15.4422623,47.0683912,'Lederleitner Take Away',''),(1576,4703384483,15.4421772,47.0684612,'Breineder Gibiser','http://www.breinedergibiser.at/'),(1577,4720648083,15.4483531,47.0724528,'Immobilien Dipl.-Ing. Mag. Ingo Lasserus',''),(1578,4722681524,15.4288153,47.0891495,'Billa',''),(1580,4729469416,15.44751,47.0686638,'Il Nascondiglio','https://ilnascondiglio.at/'),(1581,4730345878,15.4411985,47.0710022,'Haarmanufaktur Christoph Skoff','https://www.haar-manufaktur.at/'),(1582,4730469121,15.4275823,47.0709874,'Barbershop Duke John\'s',''),(1583,4742996593,15.4039266,47.0294477,'Schrack Technik','http://www.schrack.at/kontakt/'),(1585,4756084537,15.4667503,47.0817066,'Auer',''),(1586,4759663292,15.4911122,47.0779148,'SPAR express',''),(1587,4763869950,15.4271567,47.0546633,'Schilder & Stempelhaus','http://www.schilderhaus.at'),(1588,4808089028,15.4241394,47.0647817,'Auto Profi Kracher',''),(1589,4808095131,15.4235142,47.0663591,'Auto Akriv',''),(1590,4811278786,15.4274259,47.0605401,'Fussl',''),(1591,4811278788,15.4284366,47.0430471,'mild stein',''),(1592,4851605841,15.4312293,47.0669209,'HandyMan','http://www.handyman-graz.at/'),(1593,4851605853,15.4442047,47.0685299,'Zeitgeist','http://www.zeitgeist-graz.at/'),(1594,4857108307,15.4500181,47.0760977,'Martin Auer','http://www.martinauer.at/filialen/'),(1595,4857116421,15.4180054,47.0998217,'Banesa e titit',''),(1596,4857686779,15.4142119,47.0419709,'INTERNORM Fenstertechnik Saurer','http://www.fenstertechnik.at'),(1597,4857686797,15.4182359,47.0334022,'Betten Reiter','https://www.bettenreiter.at/filiale/8054-graz/#store-name'),(1598,4858278269,15.4103753,47.0800257,'Green Living Lab',''),(1599,4869184948,15.407215,47.0771723,'Unimarkt',''),(1600,4873922499,15.4024353,47.0948831,'Martin Auer',''),(1601,4875596755,15.45128,47.0635389,'BMA Baumarkt Antiqua','http://www.baumarkt-antiqua.at/'),(1602,4877878260,15.4875078,47.0429423,'Billa stop & shop',''),(1603,4877895923,15.4871269,47.0436367,'VIVA shop',''),(1604,4906708907,15.4859688,47.0450488,'Prime Software GmbH','http://www.prime-software.at/'),(1605,4906728950,15.4525177,47.0690269,'Prime Software Solutions','http://www.prime-software.at/'),(1606,4956430622,15.4259312,47.0516454,'BIPA',''),(1607,4965730933,15.4403741,47.0625851,'Reyhani GmbH','http://www.reyhani.at/'),(1608,5030208322,15.4311447,47.0639005,'Pokal',''),(1609,5075325490,15.4184553,47.099203,'funkelektronik','https://www.funkelektronik.at'),(1610,5103104704,15.4332845,47.072546,'HERZLich Laden','https://jaw.or.at/ueber-uns/standorte/einrichtung/s/herzlich/'),(1611,5104950282,15.411148,47.0990714,'SchiRie','http://www.schirie.at/de/kontakt/'),(1612,5114886974,15.440073,47.0702817,'Juwelier Gressl','http://www.gressl.com'),(1613,5114886975,15.4400761,47.0704272,'Mothwurf Shop','http://www.mothwurf.com/store/shop-graz/'),(1614,5116596193,15.4340866,47.0658533,'sommer.1916','http://www.sir-hemden.at'),(1615,5128138321,15.4124279,47.0653341,'Boesner','https://www.boesner.at/niederlassungen/graz'),(1616,5128534644,15.4405784,47.0704512,'Unterwäsche Herunter',''),(1617,5130342722,15.4635867,47.0354365,'Bipa',''),(1618,5131432623,15.4437789,47.0780645,'Blumen Geidorf',''),(1619,5147474662,15.4310014,47.0743839,'Talianu',''),(1620,5186551324,15.4324495,47.0737306,'Der Käsegeneral','http://kaesegeneral.at/'),(1621,5199690631,15.407773,47.0684152,'Spar',''),(1622,5214987523,15.4416738,47.0724405,'Theaterkasse',''),(1623,5230059423,15.420785,47.0497207,'Penny Markt',''),(1624,5230251921,15.4736857,47.0985605,'Penny Markt',''),(1625,5235065654,15.4393497,47.0380321,'Spar','https://www.spar.at/content/website_spar_at/de_AT/index/standorte.html'),(1626,5241409970,15.4154389,47.0472541,'Tabak Trafik',''),(1627,5255323344,15.439386,47.0725547,'Hofring',''),(1628,5261780325,15.4485004,47.0535912,'Trafik Wieser',''),(1629,5303215307,15.4084177,47.0698332,'Halici',''),(1630,5308099163,15.4009726,47.0673823,'Beauty-Institut Luxury',''),(1631,5308702228,15.4421317,47.0607198,'tim-Sevice-Center',''),(1632,5323476273,15.4213211,47.0472011,'Blumen Engele',''),(1633,5323476275,15.4264918,47.0602282,'Sabine',''),(1634,5323476276,15.4267444,47.0606502,'Tchibo',''),(1635,5325871824,15.4393307,47.0381657,'Spar',''),(1636,5367911584,15.4480656,47.0722275,'Weinhandel Kohlbacher','http://www.weinhandel-kohlbacher.at/'),(1637,5409413202,15.3960812,47.0383231,'Martin Auer',''),(1638,5409413207,15.3959927,47.0386119,'Spar',''),(1639,5416612462,15.4336898,47.0638974,'Loden Fürst','http://lodenfuerst.at/kontakt'),(1640,5422925321,15.4421401,47.0660448,'Lust Spiel','http://www.lust-spiel.at'),(1641,5428915377,15.4527452,47.0725237,'time 4 beauty',''),(1642,5430297622,15.475846,47.0991833,'Billa','http://www.billa.at'),(1643,5443188821,15.4305836,47.0635736,'Easy Asia','http://www.easyasia.at'),(1644,5445338239,15.4719425,47.0567156,'Hairdreams Center','http://www.hairdreamscenter.at/graz'),(1647,5536615311,15.4395594,47.0671369,'das Dekagramm',''),(1648,5549683049,15.4259001,47.0710856,'Spielewerk','http://www.spielewerk.at'),(1649,5584603284,15.4010046,47.0473261,'Sailorama Segelreisen','https://sailorama-segelreisen.at'),(1650,5681903028,15.4430857,47.0639,'Classic GmbH',''),(1651,5681941526,15.4405674,47.0701123,'Konrad & Fink GmbH','http://www.konradundfink.at/'),(1652,5699875715,15.4473432,47.0659775,'Manuel Essl Design',''),(1653,5699875717,15.4287742,47.072353,'Stoichart Leder',''),(1654,5702451548,15.4660549,47.0663515,'Atelier Messner',''),(1655,5713866806,15.43182,47.0329412,'Spar',''),(1656,5723523644,15.4528161,47.0499504,'Reifen Weichberger','https://www.weichberger.at/cms/graz-evangelimanngasse'),(1657,5723523661,15.4520326,47.0501633,'Forstinger','https://www.forstinger.com/'),(1658,5723559080,15.415889,47.0823708,'Reifen Weichberger','https://www.weichberger.at/cms/graz-bahnhofguertel'),(1659,5736277366,15.4340222,47.0663221,'wirecube GmbH','https://www.wirecube.at/'),(1660,5758320383,15.4355829,47.0869737,'you style international','http://www.you-style.at/impressum/'),(1661,5776991668,15.4378819,47.0692562,'Dance Store','http://dancestore.at/'),(1663,5787479637,15.4154273,47.0499333,'Weber Grillcenter',''),(1664,5798445021,15.4009803,47.0691638,'Bogensport Kaufmann','http://www.bogensport-bogenbau.at/'),(1665,5812629890,15.3982931,47.1048915,'Geschenkeparadies',''),(1666,5839720415,15.4650441,47.0648815,'Der Einrichter','http://www.der-einrichter.at/kontakt/'),(1667,5839720416,15.464668,47.0644638,'EndlichGutSchlafen','https://www.endlichgutschlafen.at/kontakt/'),(1668,5848250853,15.3944278,47.0471516,'Massage Ausbildungszentrum Bergler','https://www.bergler.at/de/impressum/'),(1669,5851177628,15.4097706,47.0702538,'Blessed Favour Shop',''),(1670,5851177629,15.4086888,47.0703211,'Worldtour Travel GmbH','http://www.worldtour.at/'),(1671,5873403748,15.4013089,47.0688876,'kostnix-Laden Eggenlend',''),(1672,5873432006,15.430679,47.0648509,'R.U.S.Z. Graz',''),(1673,5873456541,15.4360267,47.0494984,'ÖKO-Geschirrverleih Alles-Event',''),(1674,5905942464,15.4651556,47.0401253,'Blumen Edler',''),(1675,5905942466,15.4648419,47.0403574,'Bipa',''),(1676,5905942467,15.4650479,47.0402987,'Libro',''),(1677,5907143758,15.4384303,47.0807239,'Hubert Auer',''),(1678,5927601453,15.44893,47.0718479,'Schöne Dinge',''),(1679,5927601454,15.4400687,47.072582,'TASH LIVING','https://www.tash-living.at/'),(1680,5928457930,15.464046,47.0797529,'Kern','');
/*!40000 ALTER TABLE `shops` ENABLE KEYS */;
UNLOCK TABLES;
/*!40103 SET TIME_ZONE=@OLD_TIME_ZONE */;

/*!40101 SET SQL_MODE=@OLD_SQL_MODE */;
/*!40014 SET FOREIGN_KEY_CHECKS=@OLD_FOREIGN_KEY_CHECKS */;
/*!40014 SET UNIQUE_CHECKS=@OLD_UNIQUE_CHECKS */;
/*!40101 SET CHARACTER_SET_CLIENT=@OLD_CHARACTER_SET_CLIENT */;
/*!40101 SET CHARACTER_SET_RESULTS=@OLD_CHARACTER_SET_RESULTS */;
/*!40101 SET COLLATION_CONNECTION=@OLD_COLLATION_CONNECTION */;
/*!40111 SET SQL_NOTES=@OLD_SQL_NOTES */;

-- Dump completed on 2018-10-30  4:51:05
