-- MySQL dump 10.16  Distrib 10.1.34-MariaDB, for debian-linux-gnu (x86_64)
--
-- Host: localhost    Database: sa_shop_finder
-- ------------------------------------------------------
-- Server version	10.1.34-MariaDB-0ubuntu0.18.04.1

/*!40101 SET @OLD_CHARACTER_SET_CLIENT=@@CHARACTER_SET_CLIENT */;
/*!40101 SET @OLD_CHARACTER_SET_RESULTS=@@CHARACTER_SET_RESULTS */;
/*!40101 SET @OLD_COLLATION_CONNECTION=@@COLLATION_CONNECTION */;
/*!40101 SET NAMES utf8mb4 */;
/*!40103 SET @OLD_TIME_ZONE=@@TIME_ZONE */;
/*!40103 SET TIME_ZONE='+00:00' */;
/*!40014 SET @OLD_UNIQUE_CHECKS=@@UNIQUE_CHECKS, UNIQUE_CHECKS=0 */;
/*!40014 SET @OLD_FOREIGN_KEY_CHECKS=@@FOREIGN_KEY_CHECKS, FOREIGN_KEY_CHECKS=0 */;
/*!40101 SET @OLD_SQL_MODE=@@SQL_MODE, SQL_MODE='NO_AUTO_VALUE_ON_ZERO' */;
/*!40111 SET @OLD_SQL_NOTES=@@SQL_NOTES, SQL_NOTES=0 */;

--
-- Table structure for table `favourites`
--

DROP TABLE IF EXISTS `favourites`;
/*!40101 SET @saved_cs_client     = @@character_set_client */;
/*!40101 SET character_set_client = utf8 */;
CREATE TABLE `favourites` (
  `favourite_id` mediumint(9) NOT NULL AUTO_INCREMENT,
  `name` varchar(255) NOT NULL,
  `category_id` mediumint(9) DEFAULT NULL,
  `searched_shop_name` varchar(255) DEFAULT NULL,
  `poi_id` mediumint(9) DEFAULT NULL,
  `distance_to_poi` mediumint(9) DEFAULT NULL,
  PRIMARY KEY (`favourite_id`),
  KEY `category_id` (`category_id`),
  KEY `poi_id` (`poi_id`),
  CONSTRAINT `favourites_ibfk_1` FOREIGN KEY (`category_id`) REFERENCES `shop_categories` (`category_id`),
  CONSTRAINT `favourites_ibfk_2` FOREIGN KEY (`poi_id`) REFERENCES `points_of_interest` (`poi_id`)
) ENGINE=InnoDB DEFAULT CHARSET=utf8;
/*!40101 SET character_set_client = @saved_cs_client */;

--
-- Dumping data for table `favourites`
--

LOCK TABLES `favourites` WRITE;
/*!40000 ALTER TABLE `favourites` DISABLE KEYS */;
/*!40000 ALTER TABLE `favourites` ENABLE KEYS */;
UNLOCK TABLES;

--
-- Table structure for table `points_of_interest`
--

DROP TABLE IF EXISTS `points_of_interest`;
/*!40101 SET @saved_cs_client     = @@character_set_client */;
/*!40101 SET character_set_client = utf8 */;
CREATE TABLE `points_of_interest` (
  `poi_id` mediumint(9) NOT NULL AUTO_INCREMENT,
  `osm_id` varchar(11) NOT NULL,
  `longitude` double NOT NULL,
  `latitude` double NOT NULL,
  `name` varchar(255) NOT NULL,
  PRIMARY KEY (`poi_id`)
) ENGINE=InnoDB AUTO_INCREMENT=129 DEFAULT CHARSET=utf8;
/*!40101 SET character_set_client = @saved_cs_client */;

--
-- Dumping data for table `points_of_interest`
--

LOCK TABLES `points_of_interest` WRITE;
/*!40000 ALTER TABLE `points_of_interest` DISABLE KEYS */;
INSERT INTO `points_of_interest` VALUES (1,'N107935777',47.0450591,15.4383252,'Puchmuseum'),(2,'N242810686',47.0699167,15.4961983,'Lustbühel'),(3,'N270331167',47.0275455,15.3695127,'Bildföhre'),(4,'N327378863',47.0694359,15.4414453,'Hl. Johannes v. Nep.'),(5,'N446861548',47.073698,15.4373113,'Märchengrottenbahn'),(6,'N492011123',47.0762864,15.3924939,'Universalmuseum Joanneum - Lapidarium'),(7,'N492011184',47.0763704,15.3926306,'Universalmuseum Joanneum - Archäologie'),(8,'N492011471',47.0738175,15.3916786,'Universalmuseum Joanneum - Alte Galerie, Münzkabinett'),(9,'N853676125',47.0831988,15.4614158,'Kletterpark Hilmteich'),(10,'N853851163',47.0722584,15.4413771,'Alte Universität'),(11,'N890451541',47.0777425,15.4494915,'Kriminalmuseum'),(12,'N893020130',47.0732288,15.4378757,'Bürgerbastei'),(13,'N893020131',47.0750964,15.436844,'Stallbastei'),(14,'N963179447',47.0688549,15.4448527,'Lichtschwert'),(15,'N982622817',47.0766154,15.4592223,'Admiral Wilhelm von Tegetthoff'),(16,'N987132207',47.0731499,15.4395092,'Türke'),(17,'N995938131',47.0716982,15.4417555,'Diözesanmuseum Graz'),(18,'N999516246',47.0698025,15.4398828,'Landeszeughaus'),(19,'N1029617830',47.0726561,15.4365183,'GrazMuseum'),(20,'N1098016182',47.0711649,15.4413417,'Glockenspiel'),(21,'N1148818216',47.0738605,15.4375987,'Schloßberglift Aussichtsplattform'),(22,'N1416935844',47.0712258,15.4458089,'Joseph Marx'),(23,'N1453508759',47.0760404,15.4411352,'Ehrenring'),(24,'N1480245969',47.0633694,15.4271207,'Die Klangsäule'),(25,'N1487901646',47.0682728,15.4433259,'Kaiser Joseph II.'),(26,'N1610911578',47.0718296,15.4420387,'Landplagenbild'),(27,'N1614117212',47.0713017,15.4402326,'Robert-Stolz-Museum'),(28,'N1688850479',47.0778208,15.4291329,'Schell Collection'),(29,'N1746477577',47.0728913,15.4426918,'Grazer Stadtkern'),(30,'N1756455007',47.0733371,15.4375926,'Dr. Karl Renner'),(31,'N1756455011',47.0699574,15.4392005,'Faun mit Weitblick'),(32,'N1756455012',47.0747218,15.4368139,'Hans Kloepfer'),(33,'N1756455017',47.0688455,15.445531,'Ludwig van Beethoven'),(34,'N1756455030',47.0688194,15.44527,'Professor Dr. Eduard Speck'),(35,'N1756455083',47.0689031,15.4454059,'Richard Wagner'),(36,'N1837534428',47.1033736,15.4155204,'Universalmuseum Joanneum - Studienzentrum Naturkunde'),(37,'N1915346803',47.0666653,15.4670978,'Froschkönigbrunnen'),(38,'N1936662693',47.0708872,15.4424893,'ESC'),(39,'N2400327948',47.0723086,15.4434881,'Insektenhotel'),(40,'N2400327952',47.073374,15.4450618,'Libelle'),(41,'N2484925381',47.0707074,15.4293805,'DruckZeug'),(42,'N2608842447',47.0739854,15.4489447,'kunst.wirt.schaft'),(43,'N2858407366',47.0696686,15.4289936,'Sankt Andrä Kirche'),(44,'N2952095965',47.0754708,15.4368941,'ARTSAT'),(45,'N3397840163',47.080054,15.4479077,'Spiral of Life'),(46,'N3634139112',47.0736614,15.4415049,'Grazer Spielzeugmuseum'),(47,'N3950765398',47.0717855,15.4314769,'Johannes von Gott'),(48,'N3950765399',47.0718523,15.4313574,'Johannes von Gott'),(49,'N4237317721',47.0718475,15.4412347,'Schneemann'),(50,'N4301224957',47.0725403,15.4367764,'Museum im Palais'),(51,'N4371176025',47.0770045,15.4367152,'Gotisches Tor'),(52,'N4639650466',47.0733045,15.414233,'GEMEC- Eisenbahn Club'),(53,'W23786584',47.0731602,15.4345854,'Murinsel'),(54,'W29714856',47.0684567,15.4375001,'Universalmuseum Joanneum'),(55,'W29714953',47.0717396,15.44458,'Haus für Kunst und Medien'),(56,'W84579396',47.0721606,15.4430515,'Burgtor'),(57,'W84579399',47.0750288,15.4397023,'Volkskundemuseum'),(58,'W85220561',47.0697247,15.4393316,'Landhaus'),(59,'W86174340',47.0713028,15.4340129,'Kunsthaus'),(60,'W87311939',47.0631461,15.4362357,'Kindermuseum FRida & freD'),(61,'W87311950',47.0626125,15.437541,'Museum der Wahrnehmung'),(62,'W98928218',47.0703614,15.4386693,'Rathaus'),(63,'W122074496',47.0759728,15.4371984,'Glockenturm'),(64,'W122261332',47.0710321,15.4381174,'Erzherzog-Johann-Brunnen'),(65,'W131410767',47.0729212,15.4410363,'Kaiser Franz I. von Österreich'),(66,'W132756293',47.070324,15.4959481,'Schloss Lustbühel'),(67,'W179944983',47.1056129,15.4889515,'Tramwaymuseum'),(68,'W190122615',47.073537,15.4377297,'Uhrturm'),(69,'W385927810',47.0713269,15.434,'Friendly Alien'),(70,'W425806686',47.0727124,15.4427845,'Doppelwendeltreppe'),(71,'W479810483',47.0826348,15.4608349,'Waldschule'),(128,'',0,0,'undefined');
/*!40000 ALTER TABLE `points_of_interest` ENABLE KEYS */;
UNLOCK TABLES;

--
-- Table structure for table `shop_categories`
--

DROP TABLE IF EXISTS `shop_categories`;
/*!40101 SET @saved_cs_client     = @@character_set_client */;
/*!40101 SET character_set_client = utf8 */;
CREATE TABLE `shop_categories` (
  `category_id` mediumint(9) NOT NULL AUTO_INCREMENT,
  `category_name` varchar(255) NOT NULL,
  PRIMARY KEY (`category_id`),
  UNIQUE KEY `category_name` (`category_name`)
) ENGINE=InnoDB AUTO_INCREMENT=159 DEFAULT CHARSET=utf8;
/*!40101 SET character_set_client = @saved_cs_client */;

--
-- Dumping data for table `shop_categories`
--

LOCK TABLES `shop_categories` WRITE;
/*!40000 ALTER TABLE `shop_categories` DISABLE KEYS */;
INSERT INTO `shop_categories` VALUES (128,'3d'),(83,'alcohol'),(38,'alteration'),(70,'antiques'),(71,'art'),(111,'arts'),(129,'baby_goods'),(80,'bag'),(2,'bakery'),(124,'bathroom_furnishing'),(19,'beauty'),(84,'bed'),(26,'beverages'),(10,'bicycle'),(145,'boat:parts'),(15,'books'),(49,'boutique'),(13,'butcher'),(94,'cannabis'),(75,'car'),(120,'carpet'),(91,'car_parts'),(67,'car_repair'),(106,'charity'),(138,'cheese'),(11,'chemist'),(31,'clothes'),(47,'coffee'),(146,'coffee_machines'),(130,'coins'),(40,'computer'),(39,'confectionery'),(16,'convenience'),(29,'copyshop'),(107,'cosmetics'),(143,'craft'),(136,'cupcakes'),(153,'curtain'),(5,'deli'),(3,'department_store'),(58,'dessous'),(6,'doityourself'),(21,'dry_cleaning'),(149,'e-cigarette'),(28,'electronics'),(108,'erotic'),(76,'estate_agent'),(93,'fabric'),(48,'fairtrade'),(134,'farm'),(135,'fashion'),(117,'fire_extinguishers'),(118,'fire_extinguisher_service'),(100,'fishing'),(82,'fishmonger'),(17,'florist'),(60,'frame'),(102,'funeral_directors'),(8,'furniture'),(156,'games'),(63,'garden_centre'),(59,'general'),(14,'gift'),(123,'glaziery'),(37,'gloves'),(109,'gold'),(65,'greengrocer'),(4,'hairdresser'),(141,'hairdresser_supply'),(43,'hardware'),(36,'hats'),(32,'hearing_aids'),(97,'hifi'),(115,'honey'),(41,'household'),(68,'houseware'),(90,'hunting'),(44,'ice_cream'),(148,'infrared'),(77,'insurance'),(88,'interior_decoration'),(35,'jewelry'),(54,'key'),(127,'kids'),(12,'kiosk'),(56,'kitchen'),(112,'knives'),(61,'lamps'),(46,'laundry'),(133,'lawn-mower'),(50,'leather'),(150,'locks'),(42,'massage'),(113,'medical_supply'),(7,'mobile_phone'),(87,'model'),(33,'motorcycle'),(45,'music'),(73,'musical_instrument'),(51,'newsagent'),(132,'nutrition_supplements'),(25,'optician'),(139,'organic'),(126,'orthopaedics'),(27,'outdoor'),(89,'paint'),(79,'pastry'),(142,'pawnbroker'),(137,'pelts'),(125,'perfumery'),(122,'pet'),(85,'pet_food'),(144,'pet_hairdresser'),(53,'photo'),(66,'photo_studio'),(92,'print_office'),(155,'radiotechnics'),(121,'records'),(114,'religion'),(110,'scuba_diving'),(24,'seafood'),(64,'second_hand'),(99,'sewing_machines'),(131,'shavers'),(23,'shoes'),(62,'shoe_repair'),(105,'skateboard'),(154,'software solutions'),(69,'solarium'),(151,'speciality'),(55,'spices'),(34,'sports'),(78,'stamps'),(18,'stationery'),(1,'supermarket'),(22,'tabacco'),(52,'tailor'),(95,'tattoo'),(96,'tea'),(98,'ticket'),(119,'tobacco'),(30,'toys'),(20,'travel_agency'),(157,'tyres'),(158,'undefined'),(57,'variety_store'),(72,'video'),(147,'video_games'),(86,'video_restore'),(103,'vine'),(9,'vinothek'),(74,'watch'),(116,'water_sports'),(140,'weapons'),(152,'windows'),(101,'window_blind'),(81,'wine'),(104,'zips');
/*!40000 ALTER TABLE `shop_categories` ENABLE KEYS */;
UNLOCK TABLES;

--
-- Table structure for table `shop_has_categories`
--

DROP TABLE IF EXISTS `shop_has_categories`;
/*!40101 SET @saved_cs_client     = @@character_set_client */;
/*!40101 SET character_set_client = utf8 */;
CREATE TABLE `shop_has_categories` (
  `id` mediumint(9) NOT NULL AUTO_INCREMENT,
  `shop_id` mediumint(9) NOT NULL,
  `category_id` mediumint(9) NOT NULL,
  PRIMARY KEY (`id`),
  UNIQUE KEY `shop_id` (`shop_id`,`category_id`),
  KEY `category_id` (`category_id`),
  CONSTRAINT `shop_has_categories_ibfk_1` FOREIGN KEY (`shop_id`) REFERENCES `shops` (`shop_id`),
  CONSTRAINT `shop_has_categories_ibfk_2` FOREIGN KEY (`category_id`) REFERENCES `shop_categories` (`category_id`)
) ENGINE=InnoDB AUTO_INCREMENT=1517 DEFAULT CHARSET=utf8;
/*!40101 SET character_set_client = @saved_cs_client */;

--
-- Dumping data for table `shop_has_categories`
--

LOCK TABLES `shop_has_categories` WRITE;
/*!40000 ALTER TABLE `shop_has_categories` DISABLE KEYS */;
INSERT INTO `shop_has_categories` VALUES (1,1,1),(2,2,1),(3,3,1),(4,4,1),(5,5,1),(6,6,2),(7,7,1),(8,8,1),(9,9,3),(10,10,4),(11,11,5),(12,13,1),(13,14,2),(14,15,2),(15,16,6),(16,17,4),(17,18,7),(18,19,1),(19,20,1),(20,21,2),(21,22,8),(22,23,1),(23,24,4),(24,25,2),(25,26,9),(26,27,9),(27,28,10),(28,29,11),(29,30,2),(30,32,2),(31,33,12),(32,34,10),(33,35,13),(34,36,14),(35,37,15),(36,38,1),(37,39,10),(38,40,12),(39,41,16),(40,42,1),(41,43,17),(42,44,1),(43,45,4),(44,46,12),(45,47,1),(46,48,1),(47,49,1),(48,50,11),(49,51,1),(50,52,1),(51,53,1),(52,54,1),(53,55,1),(54,56,1),(55,57,1),(56,58,1),(57,59,1),(58,60,1),(59,61,1),(60,62,1),(61,63,1),(62,64,1),(63,65,16),(64,66,1),(65,67,1),(66,68,1),(67,69,1),(68,70,1),(69,71,18),(70,72,11),(71,73,1),(72,75,16),(73,76,16),(74,78,19),(75,79,20),(76,80,21),(77,81,22),(78,82,4),(79,83,17),(80,84,23),(81,85,24),(82,86,25),(83,87,23),(84,88,2),(85,89,26),(86,90,12),(87,91,17),(88,92,2),(89,93,27),(90,94,28),(91,96,19),(92,97,29),(93,98,8),(94,100,12),(95,101,15),(96,101,18),(97,102,25),(98,103,15),(99,104,30),(100,105,31),(101,106,32),(102,107,2),(103,108,33),(104,109,34),(105,110,35),(106,111,31),(107,112,31),(108,113,31),(109,114,31),(110,116,36),(111,116,37),(112,117,2),(113,118,31),(114,119,29),(115,120,2),(116,122,38),(117,123,12),(118,124,39),(119,125,33),(120,126,40),(121,127,12),(122,128,41),(123,130,8),(124,131,34),(125,132,2),(126,133,42),(127,134,27),(128,138,1),(129,140,10),(130,141,10),(131,142,2),(132,143,2),(133,144,18),(134,146,41),(135,147,15),(136,148,29),(137,149,2),(138,150,19),(139,151,43),(140,153,4),(141,154,44),(142,155,18),(143,156,45),(144,157,2),(145,158,25),(146,159,44),(147,160,10),(148,161,23),(149,162,4),(150,164,30),(151,165,46),(152,166,25),(153,167,31),(154,168,23),(155,169,34),(156,170,23),(157,171,17),(158,172,41),(159,173,4),(160,174,39),(161,175,7),(162,176,47),(163,177,4),(164,178,31),(165,179,25),(166,180,31),(167,181,20),(168,182,15),(169,183,31),(170,184,48),(171,185,49),(172,186,31),(173,187,50),(174,188,1),(175,189,5),(176,193,51),(177,195,23),(178,197,31),(179,198,15),(180,199,52),(181,200,2),(182,201,23),(183,202,11),(184,203,4),(185,204,53),(186,205,23),(187,206,30),(188,207,54),(189,208,12),(190,209,2),(191,210,52),(192,211,17),(193,212,17),(194,214,11),(195,215,1),(196,216,32),(197,217,31),(198,218,1),(199,219,16),(200,220,12),(201,222,23),(202,223,11),(203,224,4),(204,225,17),(205,227,11),(206,231,55),(207,232,4),(208,233,31),(209,234,25),(210,235,56),(211,236,31),(212,237,2),(213,238,57),(214,239,58),(215,240,11),(216,241,20),(217,242,31),(218,243,16),(219,244,7),(220,245,4),(221,246,57),(222,247,31),(223,248,7),(224,249,7),(225,250,1),(226,252,7),(227,253,1),(228,254,1),(229,255,15),(230,256,2),(231,257,31),(232,258,2),(233,259,59),(234,260,16),(235,261,35),(236,262,31),(237,263,60),(238,264,61),(239,265,23),(240,266,62),(241,267,35),(242,268,31),(243,269,12),(244,270,4),(245,271,16),(246,272,18),(247,273,15),(248,274,63),(249,275,4),(250,276,51),(251,277,10),(252,278,17),(253,279,13),(254,280,64),(255,282,13),(256,283,2),(257,284,17),(258,285,10),(259,286,17),(260,287,2),(261,288,2),(262,290,4),(263,292,13),(264,293,4),(265,294,31),(266,295,64),(267,296,2),(268,297,2),(269,298,17),(270,302,8),(271,303,65),(272,305,4),(273,306,1),(274,307,1),(275,308,16),(276,309,13),(277,310,2),(278,311,2),(279,312,23),(280,313,32),(281,314,66),(282,315,31),(283,316,4),(284,317,10),(286,318,7),(285,318,10),(287,319,16),(288,320,40),(289,321,18),(290,322,16),(291,323,25),(292,324,31),(293,325,16),(294,326,67),(295,327,68),(296,328,18),(297,329,16),(298,330,2),(299,332,46),(300,334,4),(301,335,4),(302,336,4),(303,337,51),(304,338,11),(305,340,2),(306,341,2),(307,343,31),(308,344,31),(309,346,7),(310,347,4),(311,348,4),(312,349,12),(313,350,4),(314,352,52),(315,353,69),(316,354,19),(317,356,17),(318,357,4),(319,358,2),(320,360,12),(321,361,2),(322,363,16),(323,364,4),(324,365,10),(325,366,41),(326,367,4),(327,369,16),(328,370,31),(329,371,31),(330,372,31),(331,373,31),(332,374,16),(333,375,4),(334,376,16),(335,378,51),(336,379,70),(337,380,19),(338,381,31),(339,382,11),(340,383,31),(341,384,31),(342,385,4),(343,386,71),(344,387,6),(345,388,2),(346,389,25),(347,390,19),(348,391,4),(349,392,72),(350,393,4),(351,394,73),(352,395,4),(353,396,11),(354,397,39),(355,398,31),(356,399,43),(357,400,71),(358,401,31),(359,402,36),(360,403,31),(361,404,31),(362,405,31),(363,406,74),(364,407,11),(365,408,31),(366,409,35),(367,410,75),(368,411,4),(369,412,11),(370,413,14),(371,414,31),(372,415,31),(373,421,31),(374,422,31),(375,423,31),(376,424,4),(377,426,31),(378,427,4),(379,428,4),(380,429,31),(381,430,31),(382,431,31),(383,432,31),(384,435,10),(385,436,4),(386,437,31),(387,438,2),(388,440,31),(389,441,4),(390,442,4),(391,443,31),(392,444,1),(393,445,4),(394,446,76),(395,447,31),(396,449,2),(397,450,31),(398,451,31),(399,452,4),(400,453,28),(401,454,2),(402,455,4),(403,456,31),(404,457,4),(405,459,31),(406,460,31),(407,461,31),(408,462,31),(409,463,77),(410,464,31),(411,465,31),(412,466,31),(413,467,31),(414,468,31),(415,469,31),(416,470,31),(417,471,31),(418,472,31),(419,473,31),(420,474,4),(421,475,4),(422,476,78),(423,477,4),(424,478,35),(425,479,35),(426,480,31),(427,481,11),(428,482,73),(429,483,76),(430,484,11),(431,486,43),(432,487,31),(433,488,31),(434,489,79),(435,490,11),(436,491,35),(437,492,31),(438,493,31),(439,494,31),(440,495,16),(441,496,31),(442,497,16),(443,498,78),(444,499,31),(445,500,35),(446,501,31),(447,502,31),(448,503,15),(449,504,31),(450,505,4),(451,506,17),(452,507,80),(453,508,4),(454,509,21),(455,510,4),(456,511,17),(457,514,1),(458,515,4),(459,516,1),(460,517,39),(461,518,18),(462,519,25),(463,520,81),(464,521,39),(465,522,4),(466,525,82),(467,526,4),(468,527,4),(469,528,2),(470,529,20),(471,531,4),(472,532,12),(473,533,16),(474,534,31),(475,535,19),(476,536,83),(477,537,10),(478,538,17),(479,539,11),(480,540,23),(481,541,31),(482,542,31),(483,543,84),(484,544,11),(485,545,31),(486,546,85),(487,547,31),(488,548,4),(489,549,15),(490,549,18),(491,550,34),(492,551,31),(493,552,57),(494,553,12),(495,554,17),(496,555,2),(497,556,16),(498,557,20),(499,558,16),(500,559,11),(501,560,77),(502,561,11),(503,562,4),(504,563,12),(505,565,86),(506,566,52),(507,567,64),(508,568,2),(509,569,21),(510,570,4),(511,571,16),(512,573,4),(513,574,2),(514,575,87),(515,576,47),(516,577,39),(517,578,20),(518,580,43),(519,581,52),(520,582,69),(521,583,12),(522,585,10),(523,586,88),(524,590,29),(525,591,2),(526,593,89),(527,594,90),(528,595,2),(529,596,8),(530,597,10),(531,598,10),(532,600,91),(533,601,31),(534,602,31),(535,603,31),(536,604,31),(537,605,31),(538,606,31),(539,607,35),(540,608,13),(541,609,31),(542,610,4),(543,611,25),(544,612,4),(545,613,91),(546,614,67),(547,616,42),(548,617,2),(549,618,4),(550,619,4),(551,623,92),(552,624,76),(553,625,40),(554,627,4),(555,628,28),(556,629,31),(557,630,16),(558,631,67),(559,632,75),(560,633,31),(561,634,31),(562,635,16),(563,636,4),(564,637,31),(565,638,26),(566,639,25),(567,640,25),(568,641,8),(569,643,65),(570,644,25),(571,645,93),(572,646,4),(573,647,31),(574,648,31),(575,649,4),(576,650,31),(577,651,31),(578,652,4),(579,653,10),(580,654,31),(581,655,31),(582,656,31),(583,657,80),(584,658,31),(585,659,35),(586,660,31),(587,662,11),(588,663,28),(589,664,31),(590,665,2),(591,666,8),(592,667,31),(593,668,52),(594,669,11),(595,670,16),(596,671,7),(597,672,4),(598,673,31),(599,674,4),(600,675,8),(601,676,71),(602,677,80),(603,678,64),(604,679,28),(605,680,31),(606,681,31),(607,682,19),(608,683,31),(609,684,12),(610,685,67),(611,686,17),(612,687,16),(613,688,39),(614,689,47),(615,690,35),(616,691,12),(617,693,4),(618,694,94),(619,695,40),(620,697,52),(621,698,21),(622,699,31),(623,700,89),(624,701,7),(625,702,23),(626,703,95),(627,704,31),(628,705,12),(629,706,35),(630,708,11),(631,709,4),(632,710,31),(633,711,53),(634,712,31),(635,713,31),(636,714,31),(637,715,23),(638,716,31),(639,717,6),(640,718,35),(641,719,66),(642,720,80),(643,721,96),(644,722,12),(645,723,20),(646,724,43),(647,725,5),(648,726,2),(649,727,97),(650,728,10),(651,729,4),(652,730,31),(653,731,98),(654,732,31),(655,733,31),(656,734,31),(657,735,31),(658,736,4),(659,737,31),(660,738,31),(661,739,15),(662,740,12),(663,741,4),(664,742,10),(665,743,40),(666,744,99),(667,745,66),(668,746,11),(669,747,21),(670,748,1),(671,749,31),(672,750,33),(673,751,67),(674,752,25),(675,753,100),(676,754,97),(677,755,32),(678,756,8),(679,757,101),(680,759,16),(681,760,4),(682,761,57),(683,763,7),(684,764,31),(685,765,29),(686,766,21),(687,767,40),(688,768,4),(689,769,2),(690,770,12),(691,771,7),(692,772,19),(693,773,21),(694,774,19),(695,775,12),(696,776,12),(697,777,1),(698,778,64),(699,780,7),(700,781,7),(701,782,65),(702,783,10),(703,784,31),(704,785,31),(705,786,4),(706,787,39),(707,788,38),(708,789,31),(709,790,102),(710,791,4),(711,792,16),(712,793,38),(713,794,103),(714,794,104),(715,795,8),(716,796,4),(717,797,31),(718,798,21),(719,799,11),(720,800,75),(721,801,89),(722,803,77),(723,804,77),(724,805,105),(725,806,34),(726,807,34),(727,808,17),(728,809,73),(729,810,31),(730,811,71),(731,812,71),(732,813,99),(733,814,45),(734,815,35),(735,816,14),(736,817,35),(737,818,4),(738,819,71),(739,820,31),(740,821,106),(741,822,35),(742,823,4),(743,825,8),(744,826,103),(745,827,25),(746,828,89),(747,829,77),(748,830,21),(749,831,63),(750,832,8),(751,833,20),(752,834,69),(753,835,16),(754,836,40),(755,837,25),(756,838,2),(757,839,31),(758,840,23),(759,841,4),(760,842,12),(761,843,60),(762,844,4),(763,845,1),(764,846,31),(765,847,2),(766,848,39),(767,849,8),(768,850,7),(769,851,21),(770,852,17),(771,853,19),(772,854,4),(773,855,4),(774,856,52),(775,857,33),(776,858,8),(777,860,77),(778,861,8),(779,862,67),(780,863,8),(781,864,12),(782,865,16),(783,866,28),(784,867,16),(785,868,13),(786,869,17),(787,870,16),(788,871,4),(789,872,31),(790,873,4),(791,874,52),(792,875,2),(793,876,16),(794,877,107),(795,878,31),(796,879,62),(797,880,31),(798,881,31),(799,882,31),(800,883,28),(801,884,98),(802,885,108),(803,886,31),(804,887,2),(805,888,64),(806,889,109),(807,890,7),(808,891,40),(809,893,4),(810,895,56),(811,896,31),(812,897,66),(813,898,4),(814,899,110),(815,900,2),(816,901,111),(817,904,4),(818,905,56),(819,906,1),(820,907,19),(821,908,19),(822,909,31),(823,910,2),(824,911,31),(825,912,2),(826,913,43),(827,914,4),(828,915,25),(829,916,69),(830,917,16),(831,918,4),(832,919,10),(833,920,8),(834,921,31),(835,922,16),(836,923,2),(837,924,112),(838,925,1),(839,926,4),(840,927,5),(841,928,75),(842,929,77),(843,930,75),(844,932,16),(845,933,16),(846,934,113),(847,935,113),(848,936,8),(849,937,39),(850,938,5),(851,939,7),(852,941,114),(853,942,19),(854,943,10),(855,944,115),(856,945,23),(857,946,25),(858,947,116),(859,948,117),(860,948,118),(861,949,29),(862,950,68),(863,951,89),(864,952,6),(865,953,43),(866,954,4),(867,957,119),(868,958,2),(869,959,2),(870,960,7),(871,961,40),(872,962,120),(873,963,35),(874,964,97),(875,965,31),(876,966,33),(877,967,2),(878,969,19),(879,970,8),(880,972,7),(881,973,30),(882,974,4),(883,975,4),(884,976,25),(885,977,31),(886,978,31),(887,979,31),(888,980,121),(889,981,31),(890,982,31),(891,983,31),(892,984,31),(893,985,31),(894,986,13),(895,987,52),(896,988,19),(897,990,35),(898,991,56),(899,992,33),(900,993,8),(901,994,81),(902,995,65),(903,996,4),(905,997,29),(904,997,66),(906,998,40),(907,999,40),(908,1000,14),(909,1001,4),(910,1002,25),(911,1003,23),(912,1004,31),(913,1005,4),(914,1006,15),(915,1007,30),(916,1008,4),(917,1009,31),(918,1010,31),(919,1011,31),(920,1012,35),(921,1013,31),(922,1014,31),(923,1015,4),(924,1017,23),(925,1018,23),(926,1019,35),(927,1020,11),(928,1021,19),(929,1022,20),(930,1023,11),(931,1024,31),(932,1025,34),(933,1026,67),(934,1027,89),(935,1028,4),(936,1030,67),(937,1031,56),(938,1032,122),(939,1033,91),(940,1034,91),(941,1035,123),(942,1036,91),(943,1037,33),(944,1038,66),(945,1039,2),(946,1040,8),(947,1041,63),(948,1042,124),(949,1043,28),(950,1044,4),(951,1048,23),(952,1049,70),(953,1050,31),(954,1051,20),(955,1052,84),(956,1053,20),(957,1055,32),(958,1056,52),(959,1057,64),(960,1059,20),(961,1060,31),(962,1061,88),(963,1062,31),(964,1063,57),(965,1064,35),(966,1065,19),(967,1066,84),(968,1067,35),(969,1068,125),(970,1069,31),(971,1070,71),(972,1071,31),(973,1072,25),(974,1073,19),(975,1074,4),(976,1075,31),(977,1076,80),(978,1077,107),(979,1078,75),(980,1079,75),(981,1080,38),(982,1081,34),(983,1082,16),(984,1083,49),(985,1084,4),(986,1085,7),(987,1087,14),(988,1088,62),(989,1089,49),(990,1090,93),(991,1091,49),(992,1092,20),(993,1093,12),(994,1094,31),(995,1095,14),(996,1096,70),(997,1097,31),(998,1098,34),(999,1099,84),(1000,1100,4),(1001,1101,12),(1002,1102,42),(1003,1103,31),(1004,1104,23),(1005,1105,31),(1006,1106,17),(1007,1107,31),(1008,1108,31),(1009,1109,31),(1010,1110,2),(1011,1111,49),(1012,1112,49),(1013,1113,31),(1014,1114,31),(1015,1115,21),(1016,1116,23),(1017,1117,14),(1018,1118,31),(1019,1119,31),(1020,1120,41),(1021,1121,48),(1022,1122,23),(1023,1123,19),(1024,1124,14),(1025,1125,14),(1026,1127,28),(1027,1128,23),(1028,1129,109),(1029,1131,39),(1030,1132,70),(1031,1133,39),(1032,1134,31),(1033,1135,31),(1034,1136,126),(1035,1137,84),(1036,1138,35),(1037,1139,71),(1038,1140,73),(1039,1141,35),(1040,1142,106),(1041,1143,11),(1042,1144,126),(1043,1145,127),(1044,1146,25),(1045,1149,53),(1046,1150,18),(1047,1151,11),(1048,1153,128),(1049,1154,119),(1050,1155,4),(1051,1156,34),(1052,1157,18),(1053,1158,31),(1054,1159,8),(1055,1160,122),(1056,1161,34),(1057,1162,129),(1058,1163,30),(1059,1164,28),(1060,1165,12),(1061,1166,11),(1062,1167,10),(1063,1168,4),(1064,1169,67),(1065,1170,102),(1066,1171,4),(1067,1173,67),(1068,1174,4),(1069,1175,88),(1070,1176,73),(1071,1177,130),(1072,1178,4),(1073,1179,131),(1074,1180,19),(1075,1181,20),(1076,1182,2),(1077,1183,81),(1078,1185,31),(1079,1186,4),(1080,1187,97),(1081,1188,15),(1082,1188,18),(1083,1189,4),(1084,1190,35),(1085,1191,31),(1086,1192,31),(1087,1193,120),(1088,1194,13),(1089,1195,20),(1090,1196,31),(1091,1197,16),(1092,1198,132),(1093,1199,18),(1094,1201,11),(1095,1202,4),(1096,1203,2),(1098,1204,47),(1097,1204,96),(1099,1205,31),(1100,1207,29),(1101,1209,19),(1102,1210,29),(1103,1212,10),(1104,1214,11),(1105,1216,133),(1106,1218,67),(1107,1219,40),(1108,1220,38),(1109,1223,84),(1110,1225,56),(1111,1226,34),(1112,1227,112),(1113,1228,17),(1114,1229,134),(1115,1230,2),(1116,1231,8),(1117,1232,11),(1118,1233,11),(1119,1234,16),(1120,1235,53),(1121,1236,10),(1122,1237,10),(1123,1238,23),(1124,1239,23),(1125,1240,135),(1126,1241,135),(1127,1242,135),(1128,1243,2),(1129,1245,135),(1130,1246,34),(1131,1247,11),(1132,1249,4),(1133,1250,30),(1134,1251,10),(1135,1252,134),(1136,1253,26),(1137,1254,1),(1138,1255,120),(1139,1256,43),(1140,1257,88),(1141,1258,31),(1142,1259,12),(1143,1260,4),(1144,1261,35),(1145,1262,19),(1146,1263,136),(1147,1264,6),(1148,1265,6),(1149,1266,39),(1150,1267,91),(1151,1268,67),(1152,1269,120),(1153,1270,4),(1154,1272,137),(1155,1273,70),(1156,1276,40),(1157,1277,19),(1158,1278,7),(1159,1279,31),(1160,1280,2),(1161,1281,7),(1162,1282,49),(1163,1284,122),(1164,1285,4),(1165,1287,89),(1166,1288,67),(1167,1289,8),(1168,1290,8),(1169,1291,95),(1170,1292,4),(1171,1293,70),(1172,1294,11),(1173,1295,23),(1174,1296,8),(1175,1297,17),(1176,1298,12),(1177,1299,12),(1178,1300,14),(1179,1301,138),(1180,1302,139),(1181,1303,139),(1182,1304,16),(1183,1305,4),(1184,1306,140),(1185,1307,16),(1186,1308,32),(1187,1309,141),(1188,1310,141),(1189,1311,20),(1190,1312,23),(1191,1313,73),(1192,1314,16),(1193,1315,7),(1194,1316,81),(1195,1317,71),(1196,1318,35),(1197,1319,61),(1198,1320,19),(1199,1321,32),(1200,1322,29),(1201,1323,40),(1202,1324,23),(1203,1325,43),(1204,1328,142),(1205,1329,1),(1206,1332,8),(1207,1333,88),(1208,1334,35),(1209,1335,31),(1210,1336,4),(1211,1337,45),(1212,1339,70),(1213,1340,70),(1214,1341,18),(1215,1343,4),(1216,1344,18),(1217,1345,15),(1218,1346,28),(1219,1347,29),(1220,1348,7),(1221,1349,143),(1222,1350,120),(1223,1351,35),(1224,1352,84),(1225,1353,123),(1226,1354,12),(1227,1356,63),(1228,1357,8),(1229,1358,144),(1230,1359,31),(1231,1360,40),(1232,1361,97),(1233,1362,73),(1234,1363,4),(1235,1365,93),(1236,1366,31),(1237,1367,10),(1238,1368,120),(1239,1369,35),(1240,1370,73),(1241,1371,10),(1242,1373,8),(1243,1374,31),(1244,1375,31),(1245,1376,31),(1246,1377,80),(1247,1378,13),(1248,1379,23),(1249,1380,56),(1250,1381,35),(1251,1383,67),(1252,1384,16),(1253,1385,145),(1254,1386,44),(1255,1387,1),(1256,1388,68),(1257,1389,146),(1258,1390,31),(1259,1391,23),(1260,1392,15),(1261,1393,75),(1262,1395,119),(1263,1396,20),(1264,1397,147),(1265,1398,147),(1266,1399,39),(1267,1402,31),(1268,1403,71),(1269,1404,73),(1270,1405,7),(1271,1406,19),(1272,1407,16),(1273,1408,21),(1274,1409,2),(1275,1410,67),(1276,1411,67),(1277,1412,4),(1278,1413,135),(1279,1415,15),(1280,1416,15),(1281,1417,35),(1282,1418,20),(1283,1419,39),(1284,1420,31),(1285,1421,70),(1286,1422,19),(1287,1423,93),(1288,1425,80),(1289,1426,125),(1290,1427,88),(1291,1428,35),(1292,1430,14),(1293,1431,35),(1294,1432,16),(1295,1433,2),(1296,1434,28),(1297,1435,16),(1298,1436,93),(1299,1437,4),(1300,1439,14),(1301,1440,32),(1302,1441,18),(1303,1443,49),(1304,1444,61),(1305,1445,88),(1306,1446,5),(1307,1448,61),(1308,1449,28),(1309,1450,29),(1310,1451,83),(1311,1452,70),(1312,1454,125),(1313,1456,35),(1314,1457,31),(1315,1458,70),(1316,1459,31),(1317,1460,8),(1318,1461,71),(1319,1462,4),(1320,1463,61),(1321,1464,39),(1322,1465,148),(1323,1466,80),(1324,1468,31),(1325,1469,31),(1326,1470,4),(1327,1471,119),(1328,1472,80),(1329,1473,71),(1330,1474,14),(1331,1475,71),(1332,1476,88),(1333,1477,71),(1334,1479,53),(1335,1480,8),(1336,1481,53),(1337,1482,88),(1338,1483,119),(1339,1484,71),(1340,1485,35),(1341,1486,16),(1342,1487,4),(1343,1488,42),(1344,1489,31),(1345,1492,35),(1346,1493,88),(1347,1494,4),(1348,1495,23),(1349,1496,31),(1350,1497,21),(1351,1498,123),(1352,1499,119),(1353,1500,119),(1354,1501,120),(1355,1502,19),(1356,1503,10),(1357,1504,4),(1358,1505,19),(1359,1506,68),(1360,1508,80),(1361,1509,19),(1362,1510,23),(1363,1511,95),(1364,1512,113),(1365,1513,4),(1366,1514,25),(1367,1515,119),(1368,1516,20),(1369,1517,4),(1370,1518,88),(1371,1519,23),(1372,1520,24),(1373,1522,102),(1374,1523,33),(1375,1524,40),(1376,1525,122),(1377,1526,4),(1378,1527,16),(1379,1528,6),(1380,1529,20),(1381,1530,107),(1382,1531,20),(1383,1532,40),(1384,1533,31),(1385,1534,149),(1386,1535,149),(1387,1536,149),(1388,1537,72),(1389,1538,25),(1390,1539,1),(1391,1540,1),(1392,1541,1),(1393,1542,150),(1394,1543,14),(1395,1544,15),(1396,1545,83),(1397,1546,88),(1398,1547,4),(1400,1548,19),(1399,1548,42),(1401,1549,4),(1402,1551,16),(1403,1552,17),(1404,1554,14),(1405,1555,2),(1406,1557,102),(1407,1558,11),(1408,1559,5),(1409,1560,95),(1410,1561,4),(1411,1563,29),(1412,1564,13),(1413,1565,81),(1414,1566,1),(1415,1567,29),(1416,1568,46),(1417,1569,4),(1418,1570,4),(1419,1571,134),(1420,1572,1),(1421,1573,49),(1422,1574,2),(1423,1575,17),(1424,1576,80),(1425,1577,76),(1426,1578,1),(1427,1580,5),(1428,1581,4),(1429,1582,4),(1430,1583,28),(1431,1585,2),(1432,1586,16),(1433,1587,151),(1434,1588,91),(1435,1589,91),(1436,1590,31),(1437,1592,7),(1438,1593,4),(1439,1594,2),(1440,1595,2),(1441,1596,152),(1442,1597,153),(1443,1598,63),(1444,1599,1),(1445,1600,2),(1446,1601,70),(1447,1602,16),(1448,1603,16),(1449,1604,154),(1450,1605,154),(1451,1606,11),(1452,1607,120),(1453,1608,29),(1454,1609,155),(1455,1610,88),(1456,1611,28),(1457,1612,35),(1458,1613,31),(1459,1614,31),(1460,1615,143),(1461,1616,31),(1462,1617,11),(1463,1618,17),(1464,1619,5),(1465,1620,138),(1466,1621,1),(1467,1622,98),(1468,1623,1),(1469,1624,1),(1470,1625,1),(1471,1626,12),(1472,1627,35),(1473,1628,51),(1474,1629,1),(1475,1630,19),(1476,1632,17),(1477,1633,4),(1478,1634,47),(1479,1635,1),(1480,1636,81),(1481,1637,2),(1482,1638,1),(1483,1639,31),(1484,1640,108),(1485,1641,19),(1486,1642,1),(1487,1643,16),(1488,1644,4),(1489,1647,1),(1490,1648,156),(1491,1649,20),(1492,1650,61),(1493,1651,8),(1494,1652,31),(1495,1653,50),(1496,1654,73),(1497,1655,1),(1498,1656,67),(1499,1657,67),(1500,1658,157),(1501,1659,40),(1502,1660,8),(1503,1661,23),(1504,1664,34),(1505,1666,8),(1506,1667,8),(1507,1668,42),(1508,1669,16),(1509,1670,20),(1510,1674,17),(1511,1675,11),(1512,1676,18),(1513,1677,2),(1514,1678,14),(1515,1679,14),(1516,1680,2);
/*!40000 ALTER TABLE `shop_has_categories` ENABLE KEYS */;
UNLOCK TABLES;

--
-- Table structure for table `shops`
--

DROP TABLE IF EXISTS `shops`;
/*!40101 SET @saved_cs_client     = @@character_set_client */;
/*!40101 SET character_set_client = utf8 */;
CREATE TABLE `shops` (
  `shop_id` mediumint(9) NOT NULL AUTO_INCREMENT,
  `osm_id` bigint(20) NOT NULL,
  `longitude` double NOT NULL,
  `latitude` double NOT NULL,
  `name` varchar(255) NOT NULL,
  `homepage` varchar(255) DEFAULT NULL,
  PRIMARY KEY (`shop_id`)
) ENGINE=InnoDB AUTO_INCREMENT=1681 DEFAULT CHARSET=utf8;
/*!40101 SET character_set_client = @saved_cs_client */;

--
-- Dumping data for table `shops`
--

LOCK TABLES `shops` WRITE;
/*!40000 ALTER TABLE `shops` DISABLE KEYS */;
INSERT INTO `shops` VALUES (1,20962297,15.4701174,47.0598329,'denn\'s Biomarkt','http://www.denns-biomarkt.at/'),(2,21306980,15.4786046,47.050611,'Billa',''),(3,31611256,15.4580967,47.0630084,'Billa',''),(4,31620673,15.4338704,47.0283173,'Merkur','https://www.merkurmarkt.at/marktplatz/ihr-einkauf/maerkte-und-oeffnungszeiten?'),(5,31620704,15.4644162,47.0399695,'Interspar',''),(6,31625408,15.4605827,47.0678349,'Philipp','http://www.konditorei-philipp.at'),(7,31625413,15.4446691,47.0611353,'Spar',''),(8,33054365,15.4729648,47.0787525,'Billa',''),(9,251710886,15.436746,47.0718813,'Kastner und Öhler','https://www.kastner-oehler.at/'),(10,251711051,15.4387456,47.0721305,'Mayer','http://www.menschmayer.at/salons-preise/'),(11,251711052,15.4412508,47.0707092,'Frankowitsch','http://www.frankowitsch.at/'),(12,255590647,15.4288158,47.0591033,'Citypark-Tankstelle',''),(13,262065341,15.4845805,47.0690799,'Unimarkt',''),(14,266657437,15.4511229,47.0632957,'Hubert Auer',''),(15,269063448,15.4029608,47.0707123,'Sorger',''),(16,271624001,15.4724158,47.0567095,'Schimautz','http://www.schimautz.at/'),(17,271626440,15.4731776,47.0556519,'Medved',''),(18,271626484,15.4739855,47.054798,'H.com',''),(19,277415713,15.4370267,47.064432,'Spar','https://www.spar.at'),(20,278473060,15.4410314,47.0665041,'Spar','https://www.spar.at'),(21,278641299,15.441261,47.067056,'Cafe Sorger','http://www.sorgerbrot.at/sorger-filialen.html'),(22,278691038,15.4427013,47.0699239,'BoConcept','https://www.boconcept.com/de-at/stores/find-your-local-store/austria/boconcept-graz'),(23,278691200,15.4441052,47.0674784,'Billa Corso','https://www.billa.at/'),(24,278903257,15.4419535,47.066683,'Klipp',''),(25,280171006,15.4326595,47.071113,'Cafe Sorger','http://www.sorgerbrot.at/'),(26,280171073,15.4395729,47.066756,'Wein & Co','http://www.weinco.at/standorte/alle-standorte/9361'),(27,280236650,15.4343741,47.0694638,'Der Steirer','http://www.der-steirer.at/'),(28,288172339,15.4084111,47.0718514,'ZEG - Roman Neubauer',''),(29,289182753,15.4656583,47.062993,'dm',''),(30,289182754,15.4658017,47.0628587,'Martin Auer',''),(31,289414403,15.4144717,47.1032105,'Kuss',''),(32,289440032,15.4555288,47.068699,'Hubert Auer','http://www.hubert-auer.at'),(33,290420485,15.4544972,47.0683651,'Trafik Spreitzhofer',''),(34,290422098,15.4551828,47.0674114,'Bicycle','www.bicycle.at'),(35,316419529,15.4438171,47.0671951,'Geflügel Draxler','http://www.gefluegel-draxler.at/'),(36,319117537,15.4243299,47.0730341,'Fotostudio Fritz Langmann','http://foto.fritz.st'),(37,321250793,15.4657424,47.0628173,'Libro',''),(38,327097865,15.4035643,47.0809613,'Billa',''),(39,344228490,15.4149109,47.104514,'Bikestore Graz Nord','http://www.bikestore.cc/info_pages.php/pages_id/36'),(40,344229378,15.4259162,47.1013143,'Tabak Trafik',''),(41,364371345,15.4328394,47.0824187,'Kornwaage','http://kornwaage.at/'),(42,366271309,15.4404713,47.0675619,'denn\'s Biomarkt',''),(43,366566726,15.4399109,47.0677598,'Blumen Hajek',''),(44,366566728,15.4379453,47.0704764,'Billa',''),(45,366568258,15.4462849,47.064893,'Hairgott','http://www.hairgott.cc'),(46,366573455,15.429113,47.0711313,'Trafik',''),(47,367079334,15.4672239,47.0795736,'Billa',''),(48,369399156,15.4265304,47.0513483,'Billa',''),(49,369511878,15.4471863,47.0662927,'Spar Markt','https://www.spar.at'),(50,369825069,15.4809449,47.1019417,'BIPA',''),(51,371194638,15.4587509,47.0755552,'Spar',''),(52,371194848,15.4485495,47.0711409,'Spar',''),(53,371196594,15.4385115,47.0549962,'Spar',''),(54,371197149,15.436889,47.071998,'Eurospar',''),(55,371197426,15.4419494,47.0692605,'Spar',''),(56,371197467,15.4337029,47.0811359,'Spar',''),(57,371202880,15.4285791,47.0717809,'Spar',''),(58,371203832,15.4096242,47.0729755,'Nah&Frisch Extra-Markt','http://www.brauhaus-graz.at/nah_frisch/index.html'),(59,371204222,15.4262521,47.0607948,'Interspar Hypermarkt',''),(60,371392798,15.4962908,47.0770538,'Spar','https://www.spar.at'),(61,371394846,15.4175451,47.0335282,'Interspar',''),(62,371395088,15.3993247,47.0181909,'Spar',''),(63,372405647,15.4425404,47.0640704,'Billa','https://www.billa.at'),(64,372409546,15.421635,47.1136356,'Billa',''),(65,372412070,15.4071377,47.0929559,'Billa',''),(66,372414302,15.4278941,47.0709558,'Billa',''),(67,372414702,15.4302029,47.0759409,'Billa','https://www.billa.at'),(68,372425895,15.429748,47.0668937,'Billa',''),(69,372479468,15.3971177,47.1055521,'Merkur',''),(70,382377318,15.4896664,47.0775809,'Penny Markt',''),(71,382380895,15.4655206,47.0642172,'Pagro','https://www.pagro.at/'),(72,382382612,15.4003266,47.0249612,'Bipa',''),(73,382384686,15.431064,47.0711379,'Penny Markt',''),(75,418715362,15.4446518,47.0780838,'Meislmichl','http://www.meislmichl.at'),(76,418715364,15.4444663,47.0769429,'Feinkost Lichtenegger',''),(78,446865252,15.4410765,47.0705125,'Fein und Flink','http://www.feinundflink.at/de/impressum/'),(79,446878966,15.4398326,47.0678385,'GRUBER Reisen','https://www.gruberreisen.at/reisebueros/graz/'),(80,465226767,15.4000794,47.0684371,'Textilreinigung Norge',''),(81,465226888,15.407191,47.0683287,'Tabak Trafik',''),(82,465226896,15.4014269,47.0682347,'Maria & Maria','http://www.mariaundmaria.at/standorte/graz-eckertstrasse-77'),(83,465228452,15.4010669,47.0676912,'Blumen Skofitsch',''),(84,478061669,15.4356432,47.0739037,'GEA',''),(85,560424402,15.4680507,47.0668305,'Sofisch',''),(86,604701256,15.4429368,47.0632695,'Wutscher Optik',''),(87,616898594,15.4381537,47.0718068,'Foot Locker',''),(88,616898598,15.438361,47.0717384,'Sorger',''),(89,669650728,15.4375207,47.0710195,'Jodl','http://www.jodl.cc/'),(90,817326113,15.3964634,47.0566701,'Trafik',''),(91,817326203,15.3962979,47.0566894,'Blumen Kreativ',''),(92,829114285,15.4342487,47.0707798,'Hubert Auer',''),(93,829114307,15.4244803,47.0722261,'Bergfuchs','http://www.bergfuchs.at/'),(94,829461876,15.4322077,47.066964,'Neuhold Elektronik',''),(96,831494299,15.4540415,47.0593886,'Fingernagelstudio Eva',''),(97,831723950,15.4603368,47.0586958,'Copy Shop','http://deincopyshop.htu.tugraz.at/'),(98,836868487,15.4407905,47.0686638,'Hästens','http://www.scandinaviandesignhouse.at'),(100,847359443,15.4420237,47.0672563,'Trafik Widakowich',''),(101,847359505,15.4452275,47.0668069,'Libro',''),(102,847359538,15.4427902,47.0695902,'Brillenquartier','http://brillenquartier.at'),(103,847359579,15.4369811,47.0712514,'Libro','https://www.libro.at/'),(104,847359588,15.4441462,47.0678809,'Spielzeugwelt Rieger Puchebner','www.rieger-puchebner.at'),(105,847359599,15.4375042,47.0713485,'H&M','http://www.hm.com/at'),(106,847359664,15.4335519,47.0712324,'Neuroth Graz, Haus des Hörens','http://www.neuroth.at/'),(107,847359666,15.4467809,47.0662509,'Martin Auer',''),(108,847702371,15.408547,47.0474734,'Motorrad Klug','http://klug.at'),(109,847793446,15.4155475,47.0341599,'SportsDirect.com',''),(110,852798091,15.4383223,47.0714089,'Weikhard','http://weikhard.at/kontakt/'),(111,852798104,15.4414074,47.0689653,'Benetton',''),(112,852798112,15.4385279,47.0695295,'Brühl & Söhne','http://www.bruehl.at'),(113,852798119,15.441344,47.0685513,'H&M','http://www.hm.com/at/'),(114,855364171,15.4415202,47.0681361,'Zara','http://www.zara.com/at/'),(116,861376605,15.4435014,47.0676909,'Handschuhe Zur Oper',''),(117,861393532,15.4521363,47.0725282,'Martin Auer','http://www.martinauer.at'),(118,861789275,15.4541384,47.0736687,'Carla',''),(119,861789280,15.4598732,47.0752824,'print & copy',''),(120,863209381,15.4475615,47.068635,'Martin Auer',''),(122,864679952,15.4360678,47.0698316,'Schneiderei Neutor',''),(123,866917628,15.4436304,47.0632193,'Ortweinstand',''),(124,868971333,15.4425772,47.0671215,'Nowi',''),(125,876221824,15.4050312,47.0302378,'Hein Gericke','http://www.hein-gericke.at/'),(126,876289110,15.4206834,47.1071721,'Ulbel & Freidorfer','http://www.stcomputer.at/'),(127,876289145,15.4215534,47.1032727,'Tabak Trafik',''),(128,877058343,15.439682,47.0704352,'Klammerth','http://www.klammerth.at/'),(130,877362482,15.4209961,47.0711831,'Leiner','https://www.leiner.at/filialen/leiner-graz'),(131,879568194,15.4357068,47.0714518,'Giga-Sport',''),(132,879568198,15.4347412,47.0774821,'Schloßbergbäckerei',''),(133,881373098,15.4340364,47.0591673,'Physio + Mur',''),(134,881888270,15.4259352,47.0679752,'Northland','http://www.northland-pro.com/de/'),(138,881888293,15.4315653,47.0642427,'Kemal Ünal KG',''),(140,882775794,15.4277865,47.0667239,'Evolution Sports','http://members.inode.at/evol.sports/main.htm'),(141,882775822,15.4277883,47.0696923,'Radsport Vychodil','www.radsportvychodil.at'),(142,883061890,15.4363714,47.0707865,'Sorger','http://www.sorgerbrot.at'),(143,885451366,15.4397231,47.0684275,'Martin Auer',''),(144,885451445,15.4409424,47.0668764,'Füllfederhaus M. Störtz',''),(146,885451524,15.4370951,47.0706557,'Küchenfee',''),(147,885451549,15.4441115,47.0669785,'Avalon','http://www.avalon.co.at/kontakt.php'),(148,885868198,15.451831,47.0650228,'Copy Shop','http://deincopyshop.htu.tugraz.at/'),(149,886773312,15.4171589,47.0334565,'Backhaus',''),(150,892559099,15.434728,47.0755765,'Fingernagelstudio Stylissimo',''),(151,892559153,15.435213,47.0745182,'Knöpfe und Geweihwaren Hirt','http://www.hirt-austria.at/'),(153,898031263,15.4415939,47.0676043,'BIPA Styling Lounge','http://www.stylinglounge.at'),(154,905976489,15.4385965,47.0721737,'sax',''),(155,905976492,15.4384308,47.071803,'Schediwy','http://schediwy.at/'),(156,906742086,15.433311,47.0667612,'Musik Hammer',''),(157,906742088,15.4396881,47.0724616,'Hofbäckerei Edegger-Tax','http://www.hofbaeckerei.at'),(158,906896638,15.4401534,47.0696451,'Wutscher Optik','http://wutscher-optik.at/'),(159,906896660,15.4410618,47.0688912,'il gelato',''),(160,906985518,15.4338687,47.078075,'Bicycle','http://www.bicycle.at/'),(161,912575390,15.4319924,47.0710406,'Baumgartner',''),(162,919891124,15.4459275,47.0785526,'Schönheitssalon Maria & Maria',''),(164,926922277,15.4642088,47.0399218,'Gungl',''),(165,926922293,15.4638299,47.0402719,'Die Putzerei','http://www.murpark.at/de/shops-gastro/die-putzerei'),(166,926922301,15.4635199,47.0406963,'Pearle',''),(167,926922305,15.4617126,47.0408797,'H&M',''),(168,926922313,15.4612215,47.0410794,'Stiefelkönig',''),(169,926922329,15.4644763,47.0401222,'Hervis',''),(170,926922340,15.461318,47.0410022,'Humanic',''),(171,926922342,15.4638617,47.0403198,'Blumen Grollitsch',''),(172,926922354,15.463262,47.0407277,'WMF',''),(173,926922357,15.4626562,47.0406199,'DM Frisör',''),(174,926922366,15.4630337,47.0407824,'Hussel',''),(175,926922367,15.4621154,47.0411678,'Drei',''),(176,926922369,15.4630563,47.0404897,'Eduscho',''),(177,926922376,15.4633588,47.0406488,'Mayer',''),(178,926922379,15.4656028,47.0397712,'New Yorker',''),(179,926922383,15.4632018,47.0407518,'Wutscher',''),(180,926922386,15.4612218,47.0412881,'Kastner & Öhler',''),(181,926922393,15.4619794,47.0412148,'TUI',''),(182,926922397,15.463187,47.0404171,'Thalia',''),(183,926922400,15.461964,47.0407641,'C&A',''),(184,929232420,15.4429989,47.0696312,'chic ethic Fair-trade-shop','http://chic-ethic.at'),(185,930653462,15.4386853,47.0711678,'Palmers','https://www.palmers-shop.com'),(186,937611029,15.4366484,47.0710863,'Vögele','http://www.charles-voegele.at'),(187,937611032,15.4393745,47.0688866,'Leder H.Schuster',''),(188,952486548,15.4320063,47.0657735,'KARA Supermarkt',''),(189,956383332,15.4361896,47.0712962,'Delikatessen Nussbaumer','http://www.delikatessen-nussbaumer.at/graz/impressum/'),(193,956386721,15.4464933,47.0787078,'Trafik Hütter',''),(195,960249733,15.4421844,47.0669769,'Snipes','http://www.snipes.at/'),(197,964893084,15.4413152,47.0657386,'Army & Western Shop','www.army-western-shop-graz.at'),(198,967334127,15.4354511,47.072755,'Graztiax',''),(199,968913072,15.4348077,47.0775805,'Änderungen Schneiderei',''),(200,970742199,15.4436203,47.0677046,'Kern','http://www.baeckerei-kern.at'),(201,971748352,15.4419126,47.0677633,'Shoe4You','http://www.shoe4you.com/at'),(202,971748355,15.4415537,47.06757,'BIPA','http://www.bipa.at'),(203,971748376,15.4442907,47.0676602,'DM',''),(204,971973158,15.4449159,47.0680439,'Opernfoto','http://www.opernfoto.at'),(205,971973167,15.4447553,47.0680095,'Baumgartner','http://www.baumgartner-schuhe.at/de/kontakt/standorte/'),(206,973940544,15.4233121,47.1033854,'Kicker',''),(207,976848604,15.438675,47.0676774,'Haus der Sicherheit',''),(208,982622758,15.4674948,47.0789538,'Tabak Trafik',''),(209,991630050,15.4436229,47.0780251,'Hubert Auer',''),(210,991630067,15.4438626,47.0776066,'Schneiderei Geidorf',''),(211,991630106,15.4438369,47.0780755,'Blumen Geidorf',''),(212,991630246,15.4676269,47.0789619,'Blumen Steiner',''),(213,991630464,15.4437012,47.0780474,'Geidorf-Standl',''),(214,991630480,15.4443501,47.0780078,'Bipa',''),(215,991630578,15.4627924,47.077802,'Biofeld','http://www.biofeld.co.at/'),(216,991630624,15.4439635,47.0779017,'Pasaricek',''),(217,991630711,15.4438875,47.0778734,'Geidorf Moden',''),(218,992768394,15.4384431,47.0202356,'Spar Markt 24/7','www.avido.cc'),(219,992769126,15.4438025,47.033209,'Billa stop & shop','www.jet-tankstellen.at'),(220,993870727,15.4512194,47.0625978,'Tabak Trafik Lesky',''),(222,994994627,15.4204841,47.061017,'Pittarello',''),(223,994994691,15.4670224,47.0794931,'Bipa',''),(224,994994983,15.4674112,47.0795919,'intercoiffeur mayer',''),(225,994996043,15.4672572,47.0793196,'Zur Blumenquelle',''),(227,997695974,15.4366208,47.0721166,'DM','https://www.dm-drogeriemarkt.at/'),(231,1026751398,15.4453738,47.0667974,'Orientalische Gewürze','www.orientalischegewuerze.at'),(232,1026751416,15.4457422,47.0669497,'Zopfgeschwister','https://www.facebook.com/Zopfgeschwister'),(233,1026751437,15.4453304,47.0669948,'kik',''),(234,1026751440,15.443856,47.0670128,'Optik Rossmann','http://optik-rossmann.at'),(235,1026751446,15.4439249,47.0671846,'Bosch Küche',''),(236,1026751490,15.4461241,47.0669118,'Sestra Store','https://www.facebook.com/sestra.store'),(237,1026751496,15.4449144,47.0670495,'Frischbackstube Regula',''),(238,1026751510,15.4435547,47.0670541,'TEDi',''),(239,1026751537,15.4445621,47.066923,'Erika Medwed Dessous','http://www.medwed-dessous.at'),(240,1026751566,15.4443468,47.0669542,'Bipa','www.bipa.at'),(241,1026751575,15.445651,47.0667581,'LUGGIN Reisen','www.reisebuero-luggin.at'),(242,1026751583,15.4449785,47.066837,'Welt Laden',''),(243,1026751611,15.4443829,47.0671157,'BetSy\'s',''),(244,1026751615,15.4450805,47.0670279,'Handy 007',''),(245,1026751630,15.4445062,47.0671021,'Klipp','https://klipp.at/'),(246,1026751645,15.4460725,47.0667017,'SEWA',''),(247,1026751653,15.4444544,47.0669303,'Moda Lisa','www.modalisa.at'),(248,1026751687,15.4442217,47.0669678,'HANDY FOR YOU',''),(249,1026751708,15.4443084,47.0671241,'Handy King','https://www.facebook.com/handyking8010/'),(250,1027010014,15.4518812,47.0594169,'Billa',''),(252,1031793655,15.442664,47.0651153,'Handypoint',''),(253,1032921032,15.4595329,47.0908543,'Spar',''),(254,1050261518,15.4596696,47.0840012,'Billa',''),(255,1052829977,15.4494716,47.0759647,'Uni Buchladen','http://www.uni-buchladen.at/'),(256,1069555935,15.4280891,47.0709844,'Backwerk',''),(257,1083590363,15.4197415,47.071138,'C&A','http://www.c-and-a.com/at'),(258,1084426931,15.4508375,47.0720899,'Hubert Auer',''),(259,1098006502,15.4411373,47.0687925,'Tchibo',''),(260,1098006504,15.4429471,47.0691134,'Stadtbauernladen','http://www.stadtbauernladen.at'),(261,1099712258,15.4403165,47.0685423,'Amberger','http://www.uhren-amberger.at/'),(262,1099712285,15.440479,47.06862,'Pelzhaus Mangold',''),(263,1101644094,15.4441379,47.0657446,'Preiner','https://preiner.at/kontakt'),(264,1101644101,15.4439071,47.0659706,'Orion Licht','http://www.orion.co.at'),(265,1101644117,15.4431651,47.0669222,'Vega Nova','veganova.at'),(266,1101682560,15.404523,47.0730667,'Eggenberger Schuh- und Schlüsseldienst',''),(267,1133927849,15.4412793,47.0690533,'Juwelier Schreiner',''),(268,1138331162,15.4391982,47.0687345,'pono',''),(269,1145266714,15.441733,47.067327,'Nachttrafik',''),(270,1200796561,15.4211672,47.1034151,'Schnittig!',''),(271,1205514786,15.4306987,47.0668952,'Bürsten- und Korbwaren A.W. Schmidt GmbH',''),(272,1207153173,15.4397814,47.0646065,'Büro + Papier Wurzer','http://www.wurzer-graz.at'),(273,1207175120,15.4416327,47.0688785,'Moser','http://www.buchmoser.at/'),(274,1218264980,15.4446386,47.0659416,'euphoria','http://www.euphoria-graz.at'),(275,1226011999,15.4234326,47.1133675,'Coiffeur Headline','www.haarmax.at'),(276,1239172072,15.4169028,47.10065,'Tabak Trafik',''),(277,1239912848,15.4381626,47.0598108,'Alles Rund ums Radl',''),(278,1243737161,15.4244301,47.1212028,'Blumenhaus Zötsch','www.blumenhaus-zoetsch.at'),(279,1245537944,15.4475792,47.0752956,'Mosshammer',''),(280,1245552592,15.4476661,47.0753241,'Carla',''),(282,1252326818,15.4426668,47.0676287,'Fleischerei Stacherl',''),(283,1252326825,15.4423131,47.0675902,'Martin Auer','http://www.martinauer.at'),(284,1252326829,15.4425391,47.0675645,'Blumen Hajek',''),(285,1253100004,15.4416899,47.0645879,'Zweirad-Express Schnabl',''),(286,1256979584,15.4392444,47.0789008,'Floral Total',''),(287,1259706281,15.442987,47.0675918,'Martin Auer (Brotküche)','http://www.martinauer.at'),(288,1259706311,15.4428304,47.0675934,'Hubert Auer',''),(290,1264395441,15.4468946,47.06894,'Der Musyl','http://www.dermusyl.at/'),(292,1264400002,15.4470401,47.0687081,'Feiertag','http://www.derfeiertag.at/'),(293,1274272030,15.4494673,47.0663361,'Schnittpunkt','http://www.friseur-schnittpunkt.at/'),(294,1295256157,15.4443633,47.0674667,'NKD',''),(295,1302070832,15.4420948,47.0661562,'Carla','https://www.caritas-steiermark.at/spenden-helfen/carla/unsere-shops/carlas-in-graz/jakomini/?L=0'),(296,1315472557,15.4697339,47.0666129,'Sorger',''),(297,1316046688,15.4728054,47.0564565,'Martin Auer','http://www.martinauer.at/'),(298,1316046705,15.4727396,47.056432,'St. Peter Blumen','http://members.aon.at/st-peter-blumen/'),(301,1359790753,15.4302161,47.0912079,'A1 Tankstelle',''),(302,1360221774,15.4561998,47.07131,'Wohnkultur Steiner',''),(303,1363117573,15.4675804,47.0669707,'Pölzl',''),(305,1363125008,15.449779,47.0673887,'Druckwelle','www.druck-welle.at/'),(306,1363125012,15.4543162,47.0679456,'Kaufhaus Koller',''),(307,1363125014,15.4514616,47.0679749,'Bio-Laden Matzer','http://www.bio-laden.at'),(308,1363128982,15.4466942,47.0677162,'il Pastaio','www.il-pastaio.at/'),(309,1363128985,15.446898,47.0687666,'Rinner','http://www.rinner.co.at/'),(310,1363132393,15.4374339,47.0719481,'Strohmayer',''),(311,1363132402,15.4381699,47.0714807,'Martin Auer',''),(312,1363132403,15.4385613,47.0719009,'The Original',''),(313,1363401587,15.4428916,47.0790377,'Neuroth',''),(314,1366705776,15.4221498,47.1140412,'Fotostudio Seifert','http://fotostudio-seifert.at'),(315,1373089366,15.4315969,47.071054,'Humana',''),(316,1373285025,15.4412695,47.064827,'Schnittig',''),(317,1373592781,15.4423345,47.0638844,'Fahrradküche Graz','http://www.fahrradkueche.com/'),(318,1374080180,15.4468028,47.066657,'Handy-Star Fahrräder',''),(319,1374242179,15.4723913,47.0562638,'Bioladen \"Die Knospe\"','http://www.die-knospe.at/'),(320,1377641074,15.4150812,47.1000776,'e-tec Computer & Elektronik',''),(321,1377641075,15.4148227,47.1000167,'Pagro',''),(322,1377641077,15.4144207,47.099826,'DUK',''),(323,1386746833,15.4398261,47.0726111,'Optik Scholz',''),(324,1386746889,15.4402388,47.0725752,'The Box',''),(325,1388347862,15.4009248,47.0268098,'Spar Express',''),(326,1388348480,15.4010664,47.0308688,'Vogl',''),(327,1411138559,15.4461744,47.0662302,'Rauch','http://www.rauch-online.at/'),(328,1416933752,15.4376769,47.0679245,'Mail Boxes Etc',''),(329,1417924539,15.4488302,47.062757,'Mondi\'s Bioladen',''),(330,1420207253,15.4515542,47.0693838,'Kern','http://www.baeckerei-kern.at'),(331,1424941724,15.4305388,47.0604805,'Rumpold',''),(332,1432204925,15.4214728,47.0815501,'Wäscherei/Putzerei Norge',''),(334,1432204928,15.4251244,47.082931,'Kamm & Schere',''),(335,1432204929,15.4213239,47.0815535,'Frisör Claudia',''),(336,1432209301,15.4263449,47.0718531,'Salon Mersa',''),(337,1433222269,15.4215613,47.0816789,'Trafik',''),(338,1433754593,15.4286296,47.0716052,'Bipa',''),(340,1433755893,15.4250137,47.0713273,'Sorger Halbpreisfiliale',''),(341,1435328903,15.4290544,47.0711568,'Hubert Auer',''),(343,1436548005,15.4447649,47.0682486,'Modewaren Büdefeldt',''),(344,1436548006,15.4421483,47.0693627,'SK Sturm Fanshop',''),(346,1437535873,15.4423521,47.0658995,'Handy-Center',''),(347,1437535880,15.4423948,47.0657562,'Unless Afro',''),(348,1442010481,15.4389041,47.0789854,'Ihr Frisör Riedl',''),(349,1446305820,15.4186862,47.0840108,'Milchpause',''),(350,1447015998,15.4521622,47.0587932,'Haarmode Erwin',''),(352,1449672154,15.4326159,47.0272668,'Heidi Hütter',''),(353,1450514309,15.466785,47.0623741,'Sonnenstudio',''),(354,1450514311,15.4714897,47.0570681,'Turbo Sun Solarium',''),(356,1454907469,15.4966024,47.0768777,'Blumen Steiner',''),(357,1454907473,15.4968016,47.0769365,'Musyl',''),(358,1454908660,15.4967341,47.0768809,'Sorger',''),(360,1454908686,15.4969923,47.076912,'Trafik',''),(361,1457222996,15.4283576,47.0888567,'Bäckerei König',''),(363,1458649811,15.4465642,47.0672775,'Taşkın',''),(364,1458649818,15.4470805,47.0681589,'Stadlmair',''),(365,1463860143,15.4250714,47.0831996,'RADECKE','https://www.facebook.com/radeckegraz/'),(366,1464504947,15.4474694,47.0657926,'First Hanf Shop',''),(367,1464504951,15.4473533,47.0655935,'Hair Hunter','www.hairhunter.at'),(369,1468770604,15.4251371,47.0710891,'Farmah\'s Indien Supermarkt',''),(370,1468770720,15.437481,47.0715394,'Hämmerle','https://haemmerle-mode.at/'),(371,1468770723,15.4362516,47.0710124,'Kleider Bauer',''),(372,1468770744,15.4317885,47.0710501,'Schöffmann',''),(373,1468770789,15.4390178,47.0705767,'COS','http://www.cosstores.com/at'),(374,1468770797,15.4289994,47.0709441,'Yildiz Lebensmittel',''),(375,1474221334,15.4465783,47.0787293,'Haarstudio Roswitha',''),(376,1475112641,15.444727,47.078102,'Dexter Burger 3',''),(378,1478949930,15.4287906,47.0760104,'Tabak Trafik',''),(379,1478954698,15.4461077,47.0785971,'Antika Geidorf',''),(380,1483304463,15.4471235,47.0788645,'Kosmetik Brigitte',''),(381,1492540523,15.439513,47.0705531,'Bonita',''),(382,1492540561,15.4362351,47.0711876,'Prokopp','https://www.prokopp.co.at'),(383,1492540580,15.4403565,47.0698419,'New Yorker',''),(384,1492540587,15.4331109,47.0710541,'Palmers',''),(385,1493311433,15.4182855,47.0744853,'Frisör Venezia',''),(386,1494528030,15.4455274,47.0772922,'Kunstatelier',''),(387,1497367846,15.4856089,47.0362654,'OBI','https://www.obi.at/baumarkt/graz-ost/'),(388,1499444313,15.4004309,47.0224586,'Graf',''),(389,1501071974,15.4368604,47.0713722,'Sattler','http://www.sattler-optik.at/#kontakt'),(390,1505300632,15.402773,47.0672195,'Nagelstudio Eleganza',''),(391,1505596953,15.4029323,47.0675838,'hairbei',''),(392,1527457915,15.4180496,47.0748454,'Austria Videoring Filmverleih',''),(393,1529456830,15.4465697,47.0674497,'Frisör zur Oper',''),(394,1529456833,15.4420605,47.0685577,'Klavierhaus Fiedler & Sohn','http://www.klavierhaus-fiedler.at/'),(395,1532663145,15.4785532,47.0507618,'Klipp',''),(396,1532663149,15.4784058,47.0508527,'Bipa',''),(397,1533380188,15.4377048,47.0717259,'Bärenland',''),(398,1540270955,15.44057,47.0692494,'Triumph',''),(399,1540270964,15.4372253,47.0704588,'Werner\'s Elektroladen',''),(400,1541431507,15.4341787,47.0717422,'gallery lendnine',''),(401,1542721841,15.4404379,47.0704022,'Boutique Vogue','http://www.vogue-johan.at'),(402,1542721849,15.4416493,47.070461,'Hutmode Pelko',''),(403,1542721856,15.4401848,47.0704875,'be-be Designermode',''),(404,1542721999,15.4398741,47.0717209,'Number One',''),(405,1545210734,15.4378454,47.0716457,'orsay',''),(406,1545210735,15.438019,47.0717118,'swatch',''),(407,1547404764,15.4035131,47.0700218,'Bipa',''),(408,1547404777,15.404159,47.0694063,'kik',''),(409,1552832128,15.4380585,47.0715635,'Swarovski',''),(410,1557306653,15.4764041,47.0528082,'Top Auto','www.top-auto.at'),(411,1565777549,15.4331528,47.070794,'Hairhunter',''),(412,1567937634,15.4370788,47.0714213,'DM','https://www.dm-drogeriemarkt.at/'),(413,1567937636,15.4398586,47.0733132,'Das Geschenk',''),(414,1567937651,15.4392999,47.0690376,'Trachten Seidl',''),(415,1567937656,15.4306113,47.0711033,'Willi Supper','http://supper.at/standorte.php'),(421,1570339334,15.4407954,47.0694508,'Mango',''),(422,1570339337,15.4394847,47.0701591,'Stefanel','https://www.stefanel.com/de_at/'),(423,1570339339,15.4392574,47.0703737,'Tezenis',''),(424,1576847562,15.4289107,47.0712817,'Charisma',''),(426,1587241566,15.4308881,47.0711232,'Diva Dresses',''),(427,1587241577,15.4284042,47.0712735,'Klipp','https://klipp.at'),(428,1587241578,15.4407599,47.0696025,'Maria & Maria',''),(429,1587241587,15.4392037,47.0707944,'Pimkie',''),(430,1587241594,15.4358047,47.071083,'Rollett','http://www.rollett.at/'),(431,1587241602,15.4422293,47.0684247,'Style',''),(432,1587241611,15.4386151,47.0712022,'Tally Weijl','https://www.tally-weijl.com/de_AT/'),(435,1588231979,15.4229195,47.0742864,'Fahrradservice','tomo-fahrradservice.at'),(436,1596485345,15.4400063,47.0683493,'Rotschopf',''),(437,1596485350,15.4388376,47.0707266,'Gerry Weber',''),(438,1599341726,15.4312615,47.0827545,'Martin Auer','http://www.martinauer.at'),(440,1599341743,15.4357591,47.0711903,'Jeans Club',''),(441,1599341749,15.4356451,47.0734315,'Frisör Erni',''),(442,1599341751,15.433197,47.0819328,'Friseur Doris',''),(443,1600231930,15.4406472,47.0695473,'Moda Italia',''),(444,1601202088,15.418842,47.0743986,'Aoy China Shop',''),(445,1601202116,15.4189883,47.0744268,'Frisör Ingrid',''),(446,1601202119,15.4190667,47.0744419,'Immo Company',''),(447,1602041270,15.4465347,47.0673801,'Moda E',''),(449,1602166366,15.3948994,47.0501767,'Martin Auer',''),(450,1605696667,15.4404005,47.0689328,'GardeRobe',''),(451,1605696678,15.4403493,47.0688255,'Sport Outlet',''),(452,1608635573,15.4575865,47.0694733,'Schiller Friseur Herbert',''),(453,1614150259,15.4167926,47.0344448,'Conrad Megastore','https://www.conrad.at/'),(454,1615186056,15.4482902,47.0538678,'Backhaus Ostbahnhof',''),(455,1620380040,15.4010285,47.0251462,'Cult',''),(456,1623640458,15.4254762,47.0710679,'Farmah\'s Day Mode',''),(457,1624561650,15.4404878,47.066499,'...mein frisör',''),(459,1632924362,15.4375523,47.0702988,'Heidi Gotthardt',''),(460,1633416607,15.4439344,47.0698591,'Martha',''),(461,1638482746,15.4409358,47.0689731,'Only',''),(462,1638482747,15.4387383,47.0708162,'Red Bull World','http://redbullworld.at/de/'),(463,1639203477,15.4193017,47.0744843,'EWO Versicherungs GmbH',''),(464,1646377652,15.4385051,47.0718555,'monika',''),(465,1646377653,15.4383251,47.0717114,'Hanro',''),(466,1655810336,15.4390882,47.0724102,'eleni',''),(467,1655810343,15.4391401,47.0724355,'Raffeli',''),(468,1655810345,15.4394392,47.072459,'Armas',''),(469,1655810348,15.4393105,47.0724899,'Mode am Hof',''),(470,1655810349,15.4390878,47.0725674,'io Fashion',''),(471,1655810350,15.4393798,47.072566,'Weinbauer',''),(472,1660773524,15.4442119,47.0702083,'Alexa',''),(473,1661574889,15.4412122,47.0674162,'Lena Hoschek',''),(474,1663480267,15.4431525,47.0696981,'Haar Virus','http://www.haarvirus.at'),(475,1663480272,15.4438815,47.0700443,'Paul Mitchell',''),(476,1682110683,15.4408694,47.0684993,'City-Philatelie',''),(477,1682110692,15.4631722,47.0659631,'Creativ Gert Coiffeur','www.ccgert.at'),(478,1682110734,15.4382708,47.0716778,'Täubel',''),(479,1682110736,15.4407754,47.068491,'h. künegger',''),(480,1682110821,15.4408397,47.0684964,'susies SECONDS',''),(481,1683773483,15.448272,47.0728163,'Cutani',''),(482,1683773498,15.4483387,47.0726531,'Edmund Resch Geigenbaumeister',''),(483,1683773526,15.4482955,47.0727476,'Gala Immobilien',''),(484,1683773548,15.4483676,47.0725709,'Hildegard\'s Laden','http://www.hildegards-laden.com'),(486,1684698607,15.4355573,47.0736185,'Elektro Reinberger',''),(487,1684698667,15.4358432,47.0734185,'gi-si k.',''),(488,1684698715,15.4362739,47.0725681,'Sackstraße 15',''),(489,1684698729,15.43701,47.0722395,'König Brot',''),(490,1684698770,15.4373862,47.0716226,'Bipa',''),(491,1684698862,15.4380941,47.0717643,'newone','www.newone.at'),(492,1684698875,15.4382347,47.0718539,'Imperio',''),(493,1684698928,15.4383926,47.0719699,'Jeremy\'s',''),(494,1684699012,15.438484,47.0720866,'Di Donna',''),(495,1684699051,15.4386976,47.0720564,'Sonnentor','https://www.sonnentor.com/de-at/geschaefte/sonnentor-geschaefte/sonnentor-graz'),(496,1684699081,15.4385431,47.0721269,'Gabbiani',''),(497,1684699112,15.4388368,47.0722451,'Reformstark Martin','www.reformstark.at'),(498,1684699120,15.4388636,47.0722681,'Styria Briefmarken',''),(499,1684699133,15.4389128,47.0724561,'Graziella',''),(500,1684699149,15.4389818,47.0723652,'tik tak',''),(501,1684699191,15.4391448,47.072607,'Laura',''),(502,1684699219,15.4395464,47.072466,'Iohan',''),(503,1684699260,15.4399647,47.0726013,'Leopold Stocker Verlag',''),(504,1684699283,15.4403799,47.0725805,'Anita\'s Trachtengwandl',''),(505,1684699295,15.4404739,47.0725734,'Hof-Frisör',''),(506,1684699436,15.4429891,47.0720801,'Burgflorist-Hajek',''),(507,1684701293,15.4487277,47.0645534,'Haazen Baerts','www.haazenbaerts.com'),(508,1687899357,15.442586,47.0640056,'Salon Aida',''),(509,1688850483,15.4300446,47.0743383,'Stross',''),(510,1699442422,15.4681727,47.0666478,'Frisiersalon Mirjam u Christine',''),(511,1704857404,15.4295133,47.0451666,'Blumen Eibinger',''),(514,1705502519,15.4197262,47.0782556,'Spar','https://www.spar.at/de_AT/index/standorte/80/graz_3736.html'),(515,1715635763,15.43927,47.0715111,'Olivers Haar-Werkstatt',''),(516,1717650434,15.4308782,47.0833712,'Billa',''),(517,1717695401,15.4470509,47.0680878,'Chocolaterie De Naeyer','http://www.denaeyer.at/'),(518,1717695406,15.4471294,47.068201,'Die Papiertruhe',''),(519,1717695419,15.4473044,47.0683575,'In Optik',''),(520,1717695430,15.44723,47.0682969,'Schaeffer\'s','http://www.schaeffers.at/'),(521,1721196162,15.4495264,47.0757988,'Harry\'s ICEcream',''),(522,1721211796,15.4328592,47.0738096,'Die Haarschneiderei',''),(525,1727959518,15.4878344,47.039692,'Da Rocco Fischhandel',''),(526,1728200713,15.4042661,47.0730802,'Cool Hair','www.coolhair.at'),(527,1731795336,15.4335381,47.0724626,'Haarstudio L&K',''),(528,1736772249,15.4217578,47.102937,'Sorger',''),(529,1740225866,15.4014109,47.0699321,'Ruefa Reisebüro','http://www.ruefa.at'),(531,1743682318,15.4512317,47.0723034,'Filou',''),(532,1747362930,15.4077154,47.0738488,'Tabak Trafik',''),(533,1750247123,15.4437161,47.0677602,'BoboQ','www.boboq.de'),(534,1750247160,15.4436388,47.0677392,'lady chic',''),(535,1762937740,15.401133,47.072657,'Sportbad Eggenberg',''),(536,1765438431,15.4368292,47.043036,'Murauer Verkaufsshop',''),(537,1782556414,15.4235811,47.0713928,'Radaktiv',''),(538,1782556415,15.4293873,47.0457573,'Hochl','www.hochl.com'),(539,1789077945,15.4169996,47.100907,'DM','https://www.meindm.at'),(540,1789077950,15.4155562,47.1002365,'Deichmann',''),(541,1789077952,15.4169546,47.1011447,'NKD',''),(542,1789077980,15.4158451,47.1003403,'Vögele',''),(543,1790776943,15.4167995,47.1013796,'BettenMax',''),(544,1790776944,15.4164392,47.099706,'Bipa',''),(545,1790776945,15.416721,47.1014889,'C&A Kids',''),(546,1790776947,15.4145082,47.0995929,'Fressnapf',''),(547,1790776949,15.4151866,47.1001131,'Huber Outlet','http://www.hubershop.at/'),(548,1790776950,15.4152594,47.1001329,'Klipp',''),(549,1790776951,15.4165922,47.1016811,'Libro',''),(550,1790776952,15.4144352,47.099736,'Sport-Tiedje','https://www.sport-tiedje.at/sport-tiedje-in-graz'),(551,1790776954,15.4166502,47.1015732,'Takko',''),(552,1790776956,15.4168633,47.1012848,'TEDi',''),(553,1795741260,15.4624351,47.0662436,'Tabaktrafik','stleonhard.heinzelmaennchen.at/data/1317/'),(554,1795799273,15.4984052,47.0586347,'Seerosen Kern','http://www.biotop-kern.at'),(555,1798478660,15.4218054,47.1035327,'Wölfl','www.woelfl-baecker.at'),(556,1798786733,15.4181551,47.0986466,'eni',''),(557,1798805690,15.4203833,47.1023275,'Sky Reisen',''),(558,1805062778,15.4318347,47.0651472,'Kavkaz',''),(559,1824332897,15.4737559,47.0786652,'Bipa',''),(560,1826485807,15.4300292,47.0762076,'Schwarz & Partner',''),(561,1826526370,15.4303094,47.0758425,'BIPA','http://www.bipa.at/'),(562,1826530800,15.4306301,47.0755946,'Klipp','https://klipp.at/friseur-salons/314/graz/lendplatz-38'),(563,1826537412,15.4308113,47.0754373,'Skink',''),(565,1826549274,15.4304188,47.0766694,'Video Studio',''),(566,1826549285,15.4304124,47.0766641,'Yvonne',''),(567,1827052947,15.4005117,47.0651113,'Carla',''),(568,1827052980,15.4011286,47.0668342,'Graf',''),(569,1827053003,15.4005896,47.0635302,'Murlasits',''),(570,1827053008,15.4006469,47.0638499,'Salon Kreiner','http://www.salon-kreiner.at/'),(571,1827508545,15.4283037,47.0770377,'Ariana Markt',''),(573,1829905091,15.4289025,47.0769588,'pölzl',''),(574,1831327974,15.4237449,47.0663088,'Kara Bâckerei',''),(575,1831331817,15.4254255,47.0649825,'K + K Modellbahnen','http://www.kuk-modellbahnen.at/'),(576,1838890562,15.4375329,47.0718875,'Nespresso',''),(577,1838890569,15.4375988,47.0718112,'Süßer Steirer',''),(578,1839118930,15.4371351,47.0698704,'Springer Reisen','http://www.springerreisen.at'),(580,1839226591,15.4194774,47.0731713,'Miele Center Fasching','www.mielecenter-fasching.at'),(581,1839226600,15.4272477,47.0755657,'Schneiderei Trachtendoktor',''),(582,1839226607,15.4268577,47.0754387,'Sun for You',''),(583,1839226608,15.4190499,47.0734285,'Tabak Trafik',''),(585,1852081106,15.4516758,47.0652748,'Die Radlerei','http://www.dieradlerei.at/'),(586,1852724022,15.4666722,47.0625157,'Zach Parkett','http://www.zach-boeden.at/'),(590,1855071621,15.4379759,47.0662902,'Repa Copy','http://www.repacopy.at'),(591,1856083518,15.4622559,47.0371795,'Hubert Auer',''),(593,1858696139,15.4409487,47.071288,'Kaspar Harnisch - Farbenhaus',''),(594,1858696344,15.4423389,47.0698703,'Lechner & Jungl',''),(595,1859811045,15.4581142,47.0752217,'Sorger','http://www.sorgerbrot.at'),(596,1865461701,15.4540277,47.0732438,'INSIDE Einrichtungen','http://www.inside-wohnen.at/'),(597,1865461723,15.4599728,47.0751127,'Steirerbike',''),(598,1871815124,15.3999058,47.0252247,'PP Radlshop',''),(600,1878381195,15.4340112,47.0455722,'Derendinger',''),(601,1878440505,15.4391799,47.0726696,'Contessa',''),(602,1878440508,15.4397633,47.0731076,'Fink',''),(603,1878440517,15.4395899,47.0732957,'Grüne Erde',''),(604,1878440520,15.4397319,47.0730901,'Kukuruz',''),(605,1878440533,15.4392568,47.0728195,'Steirisches Heimatwerk',''),(606,1878440536,15.4376164,47.0712713,'Wolford',''),(607,1878440544,15.439411,47.0727535,'il Bijoux',''),(608,1879146333,15.4521812,47.0723015,'Buchberger','http://www.buchberger.co.at/'),(609,1879146349,15.4446537,47.0669029,'Goldstyle',''),(610,1879146354,15.4529386,47.0728589,'NeXt Haircut',''),(611,1879146356,15.4514113,47.0723208,'Optik Schrei','http://optik-schrei.at/stores/st-leonhard'),(612,1886514430,15.4266894,47.0913097,'Salon Monika',''),(613,1888734671,15.4118266,47.0409714,'Auto Glas Plöb',''),(614,1888734683,15.4521253,47.0388846,'ctc','http://ctc-graz.at/'),(616,1900063602,15.4731824,47.0557323,'Manuela Harmos',''),(617,1908136802,15.4037944,47.0705725,'Martin Auer',''),(618,1908136804,15.4015584,47.071745,'Salon Bernd',''),(619,1909577936,15.4697554,47.0641229,'HairLights',''),(620,1909577937,15.4698057,47.0640426,'Innenausstatter',''),(621,1909577940,15.4697099,47.0641887,'Architekt',''),(623,1925246707,15.469463,47.0597579,'Flyeralarm',''),(624,1925246708,15.4693789,47.0599806,'GWS',''),(625,1934835250,15.4275189,47.0574178,'Peter Liebeg Bürotechnik','http://www.liebeg.at/'),(627,1940169333,15.3928609,47.0633038,'Salon Brigitte',''),(628,1948158992,15.4422,47.0562154,'TSF','http://www.tsf.at'),(629,1949072989,15.4363641,47.0698053,'Trash',''),(630,1952483272,15.3951988,47.0460916,'Jet',''),(631,1952743702,15.4244237,47.0305686,'MAN Truck & Bus Vertrieb Österreich AG',''),(632,1952743703,15.4248035,47.0306122,'MAN Truck & Bus Vertrieb Österreich AG',''),(633,1955641260,15.4439228,47.0675884,'Beauty Case',''),(634,1955641266,15.4441014,47.0676217,'Syndikat',''),(635,1959456512,15.4232443,47.0940542,'Billa',''),(636,1976671741,15.4360611,47.0697812,'bamb♀♂o','http://www.bambooo.at'),(637,1976671751,15.4366384,47.0695145,'Frauenheil','http://www.frauenheil.at/'),(638,1976671775,15.437746,47.0713974,'Jodl',''),(639,1976671776,15.4360956,47.0696742,'Optik Schrei',''),(640,1976671777,15.4376986,47.071138,'Pearle',''),(641,1976671779,15.4365016,47.0696438,'Team 7',''),(643,1976671797,15.4378973,47.0712576,'Piber Robert',''),(644,1977178478,15.4362926,47.0700759,'Besser Sehen',''),(645,1977178490,15.4363117,47.0699932,'Grazer Wollboutique',''),(646,1977178509,15.4359598,47.0701602,'Haarscharf',''),(647,1977178517,15.436172,47.0702537,'Miedersalon \"Gabriele\"',''),(648,1977178527,15.4360229,47.0699834,'Nowak & Co',''),(649,1977862008,15.4794086,47.0787841,'Gerald + Astrid',''),(650,1978233024,15.4388365,47.0692254,'Annabella',''),(651,1978233025,15.4299129,47.0711053,'Berufsbekleidung',''),(652,1978233028,15.4297308,47.0711078,'Coiffeur',''),(653,1978233037,15.4296495,47.0709209,'Fahrrad-Geschäft',''),(654,1978233050,15.430453,47.0710846,'Kalsa New Mode',''),(655,1978233052,15.4294661,47.0711245,'Moda Italiana',''),(656,1978233053,15.4302651,47.0710839,'Orient Shop',''),(657,1978233057,15.440658,47.0684591,'O bag',''),(658,1978233061,15.4339807,47.0707862,'Sunshine',''),(659,1978233064,15.4291523,47.0709285,'Uhren Miksche',''),(660,1978233074,15.4396069,47.0685599,'city classic',''),(662,1988646953,15.3976161,47.1051282,'Bipa',''),(663,1988646957,15.3980168,47.1051776,'Saturn',''),(664,2010303917,15.4302497,47.075911,'Kik',''),(665,2026013960,15.4222458,47.1135936,'Kern',''),(666,2035459173,15.4240081,47.0711211,'Joka Möbelhaus','http://www.joka.at'),(667,2037378440,15.4443196,47.0658162,'collage',''),(668,2037378445,15.4444473,47.0658479,'escape',''),(669,2040396003,15.4400544,47.0664505,'DM',''),(670,2040396021,15.4211227,47.0715883,'Himalaya Indian Bazar',''),(671,2041740912,15.4275911,47.0712294,'EU Handy Shop',''),(672,2041740913,15.4273087,47.0712478,'Friedl',''),(673,2041740915,15.4269249,47.0712612,'NKD',''),(674,2041748482,15.4660416,47.0636752,'Friseur Christian',''),(675,2041748493,15.4658169,47.0636134,'ROTH Handel & Bauhandwerkerservice GmbH','http://www.roth-online.at/'),(676,2041906352,15.4335055,47.0720462,'Hermann Herzele Gallery',''),(677,2041906353,15.427733,47.0709834,'Brieftasche',''),(678,2041906354,15.4271177,47.0709917,'Bring & Kauf',''),(679,2041906356,15.4232138,47.0714181,'Hartlauer',''),(680,2041906358,15.4238019,47.0713908,'IKK Mode',''),(681,2041906360,15.4339263,47.0706859,'Tennis & Freizeit',''),(682,2041906363,15.4236073,47.0711606,'milla',''),(683,2042061473,15.4413259,47.0710375,'Oxyd',''),(684,2042061561,15.4401082,47.0741752,'Tabak Tautter',''),(685,2050501935,15.4093769,47.0903613,'Günther Baldasty',''),(686,2080488662,15.4427905,47.0676706,'Blumen Oswald',''),(687,2080488694,15.4407978,47.0581907,'Öcal Market',''),(688,2080488699,15.4407268,47.0691478,'Heindl',''),(689,2084581718,15.4341126,47.0661722,'JURA Store','http://www.jurastore.at/'),(690,2086374431,15.4215405,47.1137344,'Feinheit von Feiertag','http://www.feinheit.at'),(691,2087267932,15.4202517,47.0859943,'Tabak Trafik',''),(693,2103860172,15.4231738,47.0685017,'Frisör Käfer',''),(694,2106896258,15.4503211,47.0720017,'CBD-Store Graz','https://www.cbd-store.cc/3910502120/location'),(695,2108031295,15.4336933,47.0281752,'e-tec Computer & Elektronik',''),(697,2113940110,15.4462553,47.0674419,'modewɘrkstatt',''),(698,2121793272,15.4207588,47.1029649,'Stross',''),(699,2121793277,15.4374132,47.0705549,'comma,',''),(700,2125106031,15.4790666,47.0367036,'Farben Toyfl','http://www.farbentoyfl.at'),(701,2126933458,15.4388175,47.071044,'Drei','https://www.drei.at'),(702,2126933462,15.4387795,47.0710956,'Geox','http://www.geox.com/de'),(703,2126933463,15.4365367,47.0694924,'Mario Barth Tattoo','http://www.mariobarthtattoo.com/starlightaustria'),(704,2126933464,15.4388009,47.0692979,'Trachten Schlößl','http://www.bruehl.at/geschaefte/trachten-schloessl'),(705,2127249341,15.4483584,47.0779997,'Nandos',''),(706,2129362661,15.4435378,47.0677052,'Juwelen Jilka',''),(708,2132394288,15.4438171,47.0677839,'Bipa','http://www.bipa.at/'),(709,2132394290,15.4404427,47.067002,'Frisiersalon Sandra Müller',''),(710,2132394292,15.4401845,47.0670341,'Knilli',''),(711,2136753422,15.4333499,47.0707661,'Digital Camera Graz',''),(712,2136753440,15.4365864,47.0707717,'Gerstner',''),(713,2136753443,15.4370241,47.0709178,'Gerstner',''),(714,2136753464,15.433253,47.0707838,'Viewpoint',''),(715,2136753476,15.4330814,47.0708059,'Vivobarefoot','http://www.vivobarefoot.at/'),(716,2138691458,15.4390768,47.0702509,'Mac Shirty','http://www.macshirty.at/'),(717,2139181217,15.45937,47.0642073,'Lieb Markt Baustoffcenter','http://www.liebmarkt.at/baumarkt_4.htm'),(718,2139240927,15.4423413,47.067806,'Delarich',''),(719,2139240933,15.4421541,47.0659922,'Philipp',''),(720,2139240937,15.4436912,47.0627787,'Taschnerei Genser',''),(721,2139240938,15.442131,47.0660778,'Tee-Paradies','http://tee-paradies.at'),(722,2139240942,15.44338,47.0633193,'Trafik',''),(723,2139241113,15.4437079,47.0682107,'ruefa','https://www.ruefa.at/reisebueros/steiermark/graz/'),(724,2141640868,15.4342883,47.0784281,'Elektro Baltl',''),(725,2141640875,15.4314037,47.0636218,'Feinkost Handl',''),(726,2141640910,15.4378855,47.0706052,'Hubert Auer',''),(727,2141640918,15.4311016,47.0640687,'Zöscher & Söhne','https://www.redzac.at/zoescher/info/Home'),(728,2143733882,15.4194857,47.0332771,'fahrradfinden.at outlet','http://www.fahrradfinden.at'),(729,2146043625,15.4543794,47.0695407,'Haarmode Karin',''),(730,2146043629,15.4542651,47.0694628,'Grün Bunter Laden','http://www.gruen-bunter-laden.at/'),(731,2147193072,15.4396996,47.0707241,'Zentralkartenbüro','http://www.zkb.at/'),(732,2150821795,15.4417169,47.0691289,'Bermuda',''),(733,2150821796,15.4424213,47.0693597,'Be~Be im Palais',''),(734,2150821797,15.4421252,47.0693653,'Cellini',''),(735,2150821798,15.4422199,47.0694136,'Cocuni',''),(736,2150821799,15.4421912,47.0693925,'Edel Wildwuchs','http://www.wildwuchs-groebl.at/'),(737,2150821800,15.4424111,47.0695234,'Fame',''),(738,2150821802,15.4418816,47.069027,'Marc O\'Polo',''),(739,2150821803,15.4425529,47.0694566,'Restbuchbörse',''),(740,2150821804,15.4424774,47.0694264,'Tabak Trafik',''),(741,2159367833,15.432723,47.045626,'Friseursalon Schalk',''),(742,2162796825,15.426307,47.0712866,'Re.Use',''),(743,2167282593,15.4677703,47.0246062,'Canon',''),(744,2167282607,15.467847,47.0245206,'Zellweger',''),(745,2175852552,15.4024373,47.0881806,'fotografie.at Studio Graz','http://www.fotostudio-graz.com'),(746,2189777471,15.426255,47.0605394,'dm',''),(747,2190431293,15.4642684,47.0324054,'Putzerei Usen',''),(748,2190972215,15.429675,47.0762682,'Spar',''),(749,2192755332,15.4240001,47.1027469,'Kleiderbörse',''),(750,2197778497,15.4295887,47.0574548,'Schratter Motorcycle',''),(751,2197778503,15.4336739,47.0579827,'Deutschmann',''),(752,2207529020,15.4713635,47.0574963,'Brillenstube',''),(753,2207529022,15.4841754,47.0473081,'Fischer Freizeit Club',''),(754,2207529023,15.4842646,47.0473446,'Hifi Studio',''),(755,2207529024,15.4702286,47.058526,'Hörgereräte Greimel',''),(756,2207529026,15.470419,47.0582839,'Fischer Parkett',''),(757,2207529027,15.4728606,47.0562678,'Praun & Partner',''),(759,2238807928,15.3988489,47.055026,'Soldatenheim',''),(760,2255566390,15.4337848,47.0280743,'Klipp','https://klipp.at/friseur-salons/70/graz-puntigam/triester-stra%C3%9Fe-367'),(761,2255569453,15.4339621,47.0280194,'TEDi 1-Euro-Discount','https://www.tedi.com/at/filialfinder/'),(763,2258884088,15.4213228,47.0712665,'Handyklinik','http://graz.handyklinik.eu'),(764,2258884096,15.4230349,47.0711868,'Unique',''),(765,2263171639,15.4515315,47.076329,'ÖH Service Center','http://www.oeh-servicecenter.at/'),(766,2279584848,15.4486376,47.0664241,'Bruno',''),(767,2279770410,15.4303951,47.0584844,'mylemon.at','http://www.mylemon.at'),(768,2279770418,15.4304111,47.0584014,'spezial haarstudio',''),(769,2303554157,15.4673535,47.0795411,'Martin Auer',''),(770,2303580701,15.450841,47.0805172,'Tabak-Trafik',''),(771,2307853171,15.4048981,47.0727212,'Ali Baba',''),(772,2307853208,15.3884226,47.0673911,'Eleganza',''),(773,2307853212,15.4064456,47.0736412,'Fuchsbichler',''),(774,2307853247,15.4051403,47.0765739,'Moni',''),(775,2307853292,15.4049026,47.0727624,'Rockets Internet',''),(776,2307853313,15.4049043,47.0728631,'Trafik',''),(777,2307853320,15.4023934,47.0719002,'Vinzi Markt','http://vinzi.at/de/vinzimarkt-graz/'),(778,2307853328,15.4079865,47.0730664,'Vinzi Shop','http://vinzi.at/de/vinzishop-graz/'),(780,2309348917,15.407798,47.0737087,'Baran Handy Shop',''),(781,2309361215,15.4632301,47.0658905,'Handyhouse',''),(782,2317129610,15.4436953,47.0664134,'Stadtladen pro mente',''),(783,2317130945,15.4360006,47.0718302,'Giga-Sport',''),(784,2322453643,15.4412306,47.0691014,'Calzedonia',''),(785,2322453650,15.4406931,47.0695066,'Dietmar Haas',''),(786,2322453660,15.4393968,47.0701883,'Landhaus Friseur',''),(787,2322453666,15.4413106,47.0690205,'Daisy Donuts',''),(788,2330881589,15.4517609,47.0601649,'Änderungsschneiderei Burgi',''),(789,2332266893,15.4593476,47.0611821,'Carla',''),(790,2339465661,15.4289833,47.0457727,'Bestattung Wolf',''),(791,2341231648,15.4266525,47.0682712,'Haarstudio Nevlana',''),(792,2341231657,15.4266677,47.0684385,'Halici',''),(793,2345350469,15.4465619,47.0675202,'Helga Hess','www.helgahess.at'),(794,2345350470,15.4464132,47.0627619,'Zipp Fritz',''),(795,2348386324,15.4264354,47.071023,'Einrichtungsstudio Staudinger',''),(796,2348386326,15.4444424,47.0679587,'Glückssträhne',''),(797,2348386328,15.4445884,47.067981,'Indigo',''),(798,2348386331,15.4327627,47.082523,'Wäscherei Putzerei Gabriel',''),(799,2356351844,15.4215291,47.1040637,'Bipa',''),(800,2366152076,15.4149878,47.0482869,'Auto Töglhofer',''),(801,2366152077,15.4133981,47.0425929,'Farbenfachmarkt',''),(803,2378989751,15.4395114,47.0662175,'VÖB Echner',''),(804,2378989752,15.4496099,47.0642483,'Wiener Städtische',''),(805,2385421118,15.443569,47.066291,'Freedom Skateshop','http://www.freedomskateshop.at/'),(806,2385421137,15.4333974,47.0696764,'Wallride',''),(807,2386240337,15.4360809,47.0709271,'Blue Tomato',''),(808,2387460616,15.4336242,47.0723061,'Blumen Leitner',''),(809,2387460617,15.4337144,47.0718813,'Ein:Klang',''),(810,2387460624,15.4334735,47.0721463,'Zerum',''),(811,2387460626,15.433019,47.0736463,'mosaico',''),(812,2387512748,15.4335524,47.0718463,'Da Loam','http://www.selma-keramik.at/'),(813,2387608577,15.4334988,47.072084,'Bernina Nähstube',''),(814,2387608591,15.4315148,47.0710501,'Dux Records',''),(815,2387608597,15.4312647,47.0710117,'Fugoo',''),(816,2387608611,15.433521,47.0718992,'Kwirl',''),(817,2387608617,15.4337093,47.0719305,'Mesitz',''),(818,2387608686,15.4333103,47.0723986,'Raymond haar mode',''),(819,2387608692,15.4332353,47.0726163,'Schmuckes',''),(820,2387608700,15.4312652,47.071151,'Singer',''),(821,2387608706,15.4333935,47.0722869,'Tagwerk','https://www.tagwerk.at/'),(822,2387608718,15.4328047,47.0710496,'goldentime',''),(823,2388273936,15.4309058,47.0731494,'Hair & Style',''),(824,2388273937,15.4300841,47.0743734,'Marscha Dogila',''),(825,2388273960,15.4337449,47.0730391,'Schranzer',''),(826,2389390627,15.4314151,47.0736431,'Paul\'s Sekthaus',''),(827,2389390733,15.4326069,47.0736655,'Rantascha',''),(828,2389390739,15.4308756,47.0735203,'Steiner',''),(829,2390351470,15.4427626,47.0635427,'Generali Versicherung AG',''),(830,2390351471,15.4412601,47.0653909,'Stross','http://www.stross-textilreinigung.at/main.html'),(831,2393696530,15.4602524,47.08414,'Gartenbau Lederleitner',''),(832,2393803071,15.4506591,47.0636198,'Purkarthofer Inneneinrichtung','http://www.purkarthofer.at'),(833,2393803078,15.4514135,47.0641447,'Reisebüro Mag. Bretterklieber',''),(834,2401163930,15.4500571,47.0672716,'Sonnselig',''),(835,2401163931,15.4517888,47.0692962,'Türkische Lebensmittel',''),(836,2401219444,15.4359818,47.0711185,'digitalis shop',''),(837,2401219464,15.439812,47.0702663,'Fielmann','http://www.fielmann.at/filialen/graz/8010-herrengasse-9'),(838,2401290232,15.4519198,47.0663901,'Backshop',''),(839,2401290236,15.4506239,47.0669946,'verytasch','https://www.facebook.com/verytasch/'),(840,2401290240,15.4520289,47.0663529,'Marx Schuster',''),(841,2401290318,15.4501951,47.06722,'Salon Hair&Flair Goldwell',''),(842,2401290320,15.4508574,47.066387,'Trafik',''),(843,2401394030,15.4287051,47.0693595,'Bergmann','http://bilderrahmen-bergmann.at/'),(844,2403872878,15.4203354,47.102907,'DM Frisör',''),(845,2408596815,15.42403,47.07022,'Akdag Yusuf Keg - Türkische Lebensmittel',''),(846,2408596816,15.3693162,47.0525513,'Estilo Italian Fashion',''),(847,2410926594,15.4717006,47.019731,'Martin Auer','http://www.martinauer.at/filialen/'),(848,2422130028,15.4070377,47.076172,'Konditorei Klescher',''),(849,2425513970,15.4419635,47.0704023,'Casa Michaela','http://www.casamichaela.at/'),(850,2425513971,15.438962,47.070627,'A1 Shops','http://www.a1.net/'),(851,2425513972,15.4381587,47.0693062,'Textilreinigung  Murlasits','http://www.murlasits.co.at/#xl_Kontakt'),(852,2431147067,15.4415791,47.0662375,'flowerpower','http://www.flowerpower.cc'),(853,2440722502,15.4320514,47.0697391,'Pure',''),(854,2440722506,15.433533,47.0696878,'Doppelhofer & Steininger',''),(855,2440722509,15.4334529,47.0695095,'Elfi',''),(856,2440722534,15.4330875,47.0697069,'Plissee & Mode',''),(857,2440869521,15.4129583,47.0393846,'C+S Zweirad',''),(858,2440869530,15.4119424,47.0377229,'Feel your Home',''),(860,2440869565,15.4137363,47.0412644,'Hypo',''),(861,2440869573,15.4125836,47.0386353,'Peter Max','http://www.petermax.at/de/filialfinder/pmax-8053-graz'),(862,2440869598,15.4182062,47.0473706,'Ulbel','ulbel.com'),(863,2440869599,15.4132915,47.0405973,'de Witt',''),(864,2440869636,15.4127494,47.041069,'Tabak Trafik',''),(865,2442345566,15.4192398,47.083902,'Erevan',''),(866,2442384118,15.4084215,47.0426968,'Accushop','http://www.accushop.at'),(867,2442953375,15.4274292,47.0788467,'Feinkost Koroschetz',''),(868,2442954921,15.4085878,47.0910332,'Fleischerei Bernhard','http://www.fleischerei-bernhard.at'),(869,2444075880,15.4468309,47.0684736,'Blumenhaus Gauper',''),(870,2445054970,15.420188,47.102131,'Andritzer Reformhaus',''),(871,2445054971,15.4189856,47.1008318,'Styling by Mona','www.styling-by-mona.at'),(872,2448322472,15.4399005,47.0682037,'Donna di Più',''),(873,2448322477,15.4450224,47.0668647,'Haarscharf',''),(874,2448322479,15.4395896,47.0688074,'Kleidermacherei',''),(875,2448322480,15.4211821,47.1044447,'Zuckerwürfel','https://www.facebook.com/cafezuckerwuerfel'),(876,2448322482,15.4360358,47.0705763,'Das Gramm',''),(877,2448322483,15.4389419,47.0691208,'Nivea',''),(878,2448322485,15.4399726,47.06813,'Q&L',''),(879,2448322486,15.4233896,47.103057,'Schuh-Service Steingruber',''),(880,2448322487,15.4400515,47.0675094,'g.e.l.b.',''),(881,2448322488,15.4394818,47.0687104,'jacadi',''),(882,2448322541,15.4398632,47.0682829,'novosel',''),(883,2449668329,15.4610684,47.0412325,'Media Markt',''),(884,2455211844,15.4455458,47.0683609,'Theaterkasse',''),(885,2458598026,15.4203991,47.0724573,'ÖKM',''),(886,2462758695,15.4396274,47.0700101,'Trachten Gössl',''),(887,2462758717,15.4309776,47.0747819,'Bäckerei König',''),(888,2463393901,15.4317055,47.0685688,'A&E',''),(889,2463393907,15.4298751,47.0708983,'Goldpunkt',''),(890,2463393908,15.4289606,47.0769115,'Handy-Lend',''),(891,2463393910,15.4337053,47.068574,'Haendler KG','http://www.haendler.at/'),(893,2463393914,15.4295718,47.0763611,'Salon Royal',''),(895,2463393923,15.4325279,47.0676532,'J. Frühwirth',''),(896,2463393929,15.4324431,47.0675074,'Pelze',''),(897,2463393930,15.4291853,47.0767054,'Sabine´s Fotostudio Lend',''),(898,2463393932,15.4322783,47.0674225,'Salon Renate',''),(899,2463393935,15.4321578,47.0682307,'Tauchsport Pazifik',''),(900,2463393936,15.4321227,47.0673493,'Zum Griesbäcker',''),(901,2463393937,15.4337891,47.0690285,'art.vit 3',''),(904,2463393987,15.4292458,47.0766372,'pölzl',''),(905,2468773141,15.4190503,47.0686518,'Hirschmann','http://www.hirschmann-service.at'),(906,2468773145,15.4203378,47.0711724,'Merkur',''),(907,2469411185,15.4278362,47.1087583,'Die Schönheitswerkstatt',''),(908,2469425521,15.4255836,47.1021046,'Nagelstudio / Fußpflege Graziella Cosmetic',''),(909,2471611443,15.441701,47.0643069,'Vinzishop','http://www.vinzi.at/de/vinzishop-graz/'),(910,2471814039,15.4280542,47.0978041,'Wölfl','www.woelfl-baecker.at'),(911,2474183529,15.3986434,47.1048403,'Fussl Modestraße',''),(912,2474183533,15.3975942,47.1053142,'Hubert Auer',''),(913,2475991587,15.4010481,47.102357,'Gaschler','https://www.gaschler.at/contacts'),(914,2481812024,15.4309389,47.0857694,'Hanna',''),(915,2481812026,15.4329703,47.0822462,'Optik Grebien',''),(916,2481812027,15.4308931,47.0858308,'Turbo Sun',''),(917,2502419180,15.4002768,47.0242024,'Trafik',''),(918,2503804460,15.4435566,47.0681062,'Haarquadrat',''),(919,2503804461,15.4455834,47.0593172,'CTM-Fahrradwerkstatt',''),(920,2503804462,15.437083,47.0712693,'Bolia','https://www.bolia.com/de-at/'),(921,2503804463,15.4454582,47.068368,'Maxonus',''),(922,2503804464,15.4456352,47.0592518,'Moni\'s Feinkost & Imbissstube',''),(923,2503804465,15.4289045,47.0517215,'Agramer Art',''),(924,2503804467,15.4371428,47.0712994,'Scala','http://www.scala-murgasse.at'),(925,2503804469,15.4323028,47.0540196,'Vinzi Markt',''),(926,2505001620,15.4606893,47.0681463,'Absolut Hair','https://www.facebook.com/Absolut-Hair-267500063619939/'),(927,2505110095,15.4276463,47.070985,'VDB',''),(928,2505676280,15.4194813,47.0213721,'Spes Graz-Süd','http://www.spes.at'),(929,2506009218,15.4256862,47.0713046,'Uniqa Versicherungs AG','http://www.uniqa.at/uniqaat/'),(930,2506009222,15.4211008,47.0664203,'Spes Automobile','http://www.spes.at'),(931,2510965941,15.4517579,47.062624,'Kost-Nix-Laden',''),(932,2530416082,15.4472761,47.075409,'Sonnenfrosch - das Reformhaus','http://www.sonnenfrosch.at'),(933,2530416097,15.4416214,47.0654768,'Greißlerei Vegankost','http://greisslereivegankost.at/'),(934,2532680156,15.4425927,47.0688045,'Nüssler & Krammer',''),(935,2536573897,15.466703,47.0794855,'Ortho-Aktiv',''),(936,2554317596,15.4463201,47.0581835,'Ladenstein','http://www.ladenstein.at'),(937,2555336712,15.4384195,47.0818608,'sugarfree savory','https://www.sugarfree-savory.com'),(938,2557727308,15.4214285,47.1037525,'De Merin',''),(939,2560417962,15.4618068,47.0413041,'Telering-Shop Murpark',''),(941,2565961462,15.4337134,47.0707579,'She Drup Ling','www.shedrupling.at'),(942,2577907171,15.4838165,47.1028284,'Kosmetiksalon Jeannette Schwab',''),(943,2588433670,15.440346,47.0633164,'Drahtesel',''),(944,2613885483,15.4366742,47.1163056,'Otto Stieg (Imker)',''),(945,2617062230,15.4337671,47.0705691,'GEA','http://w4tler.at/'),(946,2617109298,15.4338308,47.0815483,'Optiker Wolfgang Grebien',''),(947,2622327969,15.4502332,47.0719897,'Toasted Thermic','https://www.toastedthermic.at/'),(948,2632633812,15.420416,47.0726678,'NORIS Feuerlöscher',''),(949,2632647377,15.452069,47.0707901,'Architekturbedarf Kropf','http://www.architekturbedarf-kropf.at/'),(950,2634027589,15.4174427,47.0337131,'Fressbox',''),(951,2644400541,15.4475983,47.0653085,'Malervereinigung','www.malervereinigung.at'),(952,2644412807,15.4535449,47.0502787,'Malervereinigung',''),(953,2672305203,15.420708,47.1060146,'Eisenwarenhandlung',''),(954,2672305204,15.4208276,47.1044085,'Engelshaar',''),(957,2672305224,15.420554,47.1061537,'Tabak-Trafik',''),(958,2675565659,15.4426339,47.069663,'Martin Auer (Kindercafe)','http://www.martinauer.at'),(959,2678404873,15.4567064,47.0841284,'Martin Auer',''),(960,2684465291,15.4403311,47.0695048,'T-Mobile Shop Graz Herrengasse','http://www.t-mobile.at'),(961,2699695185,15.4402161,47.0699616,'McShark','https://mcshark.at/'),(962,2699695194,15.4423376,47.0693059,'Teppichgalerie GEBA','http://www.geba.cc'),(963,2699695197,15.4394459,47.0709557,'Schullin',''),(964,2699695198,15.439757,47.0711274,'Bang & Olufsen Herrengasse','http://beostores.bang-olufsen.com/graz-herrengasse/welcome?lang=de'),(965,2699695199,15.4425572,47.0688332,'Pelzmoden Schwarz',''),(966,2717052197,15.4123311,47.0511179,'Euro Motors Graz','http://www.euromotors.cc'),(967,2731595362,15.4217489,47.1037289,'Martin Auer',''),(969,2787942816,15.4466143,47.0650317,'nail location','http://www.nail-location.com/'),(970,2797153309,15.4803868,47.0403092,'FantasTeak','http://www.fantasteak.at'),(972,2798783532,15.4416596,47.0666649,'Handy Shop',''),(973,2817915438,15.4618788,47.0412695,'Gamestop Murpark',''),(974,2829436818,15.4161863,47.0998454,'Spencer & Jones',''),(975,2832743014,15.4371355,47.0708859,'City Kosmetik (Filiale 2)','http://www.citykosmetik.at/'),(976,2832750654,15.4357697,47.0711461,'Optik Schrei',''),(977,2848839863,15.4391975,47.0715304,'First Second',''),(978,2848839884,15.4415972,47.0706609,'nino.d',''),(979,2848941252,15.4373732,47.0716633,'Calzedonia',''),(980,2848941253,15.4389922,47.0724949,'Friebe',''),(981,2848941255,15.4392153,47.0727362,'Austria Imperial',''),(982,2848941905,15.4392326,47.0727622,'Lieblingsplatz',''),(983,2848941907,15.4372333,47.0717978,'Thomas Sabo',''),(984,2848941909,15.442583,47.0713064,'Weiberkleider',''),(985,2848941910,15.4392267,47.0724794,'opio',''),(986,2849211525,15.4145887,47.0914268,'Gartner',''),(987,2849211530,15.4333309,47.0817591,'Mode Salon “Ilse“',''),(988,2849211531,15.4330956,47.082089,'Nagelstudio',''),(990,2849213805,15.414625,47.0916497,'Wolfram Kraus',''),(991,2849213806,15.433271,47.0818586,'zum Kochen',''),(992,2852284849,15.4157261,47.0482844,'auner','http://www.auner.at/'),(993,2858436152,15.4282296,47.0698032,'perludi - Kindermöbel',''),(994,2896654609,15.4310643,47.0747334,'Vinalia Graz',''),(995,2896669721,15.4310288,47.0755424,'Gemüsemarkt',''),(996,2896756742,15.4312023,47.0742628,'Frisör Musyl',''),(997,2907326434,15.4213452,47.1042544,'Fotostudio 44','http://www.fotostudio44.at'),(998,2909132632,15.4237014,47.0711579,'Compuritas','http://www.compuritas.at'),(999,2909132633,15.4282113,47.0755676,'Computerklinik','http://www.computerklinik.at'),(1000,2911768377,15.4391216,47.0719266,'Orange and Green','www.orangeandgreen.at'),(1001,2930017283,15.4226362,47.1030784,'Haar Center',''),(1002,2930017284,15.4228182,47.1031298,'Optik Wiener',''),(1003,2930017285,15.4232164,47.1031388,'Schuhhaus am Lend',''),(1004,2930017286,15.4231707,47.1031356,'Susi\'s Laufmasche',''),(1005,2930097689,15.4416745,47.0706232,'Bright','www.bright-hairdressers.at'),(1006,2930097690,15.4489472,47.0670584,'Christliche Buchhandlung Graz',''),(1007,2930097691,15.4425664,47.0640294,'Die Spielerei',''),(1008,2930097693,15.4488827,47.0670361,'Erika\'s Frisiersalon',''),(1009,2930097694,15.4417808,47.0706683,'N°8',''),(1010,2930097695,15.4395527,47.0725444,'Göttin des Glücks',''),(1011,2930097697,15.4419463,47.07075,'Kirchner',''),(1012,2930097698,15.4392692,47.0724901,'Hofring','www.hofring.at'),(1013,2930097700,15.4422136,47.0709114,'Joma Fashion Concept Store','www.jomafashion.at'),(1014,2930098004,15.4420882,47.0708127,'mexton','www.mexton.at'),(1015,2930098005,15.4428553,47.0642915,'svën',''),(1017,2933317748,15.439122,47.0688638,'Lost Soles','www.lostsoles.at'),(1018,2934189842,15.4642858,47.044777,'Schuster Schalk','http://www.schusterschalk.at/fhs/template_schusterschalk.php?ID=20&nLID=9&bereich=1'),(1019,2934254099,15.4395522,47.0686265,'Bobik',''),(1020,2934256201,15.4382354,47.0714378,'Lush',''),(1021,2934256202,15.43847,47.0713314,'Marionnaud',''),(1022,2934256251,15.4385924,47.0713395,'Ruefa',''),(1023,2934256253,15.438573,47.0712544,'The Body Shop',''),(1024,2934256254,15.4440094,47.0661838,'Zimmermann',''),(1025,2946622110,15.417962,47.0320768,'Allstar',''),(1026,2946622111,15.4014774,47.0303964,'Carglass',''),(1027,2946622112,15.4005853,47.0319098,'Farben Welt Graz',''),(1028,2946622113,15.4046991,47.0304956,'Hairlovers',''),(1029,2946622114,15.4029132,47.030164,'Kolarik & Leeb',''),(1030,2946622115,15.4047187,47.0299569,'Dr. Vinyl',''),(1031,2946623617,15.4014244,47.0305273,'Vorwerk',''),(1032,2946623618,15.4181812,47.0320479,'Zoo & Co',''),(1033,2948695102,15.412017,47.0499256,'Autoglas',''),(1034,2948695103,15.4133722,47.0526134,'Euromaster',''),(1035,2948695105,15.408341,47.0467057,'Glas Diener',''),(1036,2948695106,15.4140599,47.0530734,'Josef Magdalenz',''),(1037,2948695107,15.4150739,47.0531969,'Kienzer & Köllich',''),(1038,2948695108,15.414758,47.0527871,'Photo Studio 27',''),(1039,2948695359,15.4087673,47.0471034,'Tortenexpress',''),(1040,2964019986,15.4154996,47.0324019,'Möbelix',''),(1041,2964021519,15.4225307,47.0312397,'Bellaflora','http://www.bellaflora.at'),(1042,2964039290,15.4164557,47.0322757,'BETA Wellness','http://www.beta-wellness.com'),(1043,2964039291,15.4167321,47.0322058,'Gaschler','http://www.gaschler.at'),(1044,2972015641,15.4184007,47.0847457,'Elisabeth',''),(1048,2977507430,15.4401327,47.0723696,'Schuhwerk','https://www.schuhwerk.cc'),(1049,2980071577,15.4391924,47.0691519,'Antike Vielfalt',''),(1050,2980071578,15.4410454,47.068907,'Cadenzza',''),(1051,2980071580,15.4389737,47.0690694,'El Mundo',''),(1052,2980071582,15.4471553,47.0666212,'H+B',''),(1053,2980071587,15.4420111,47.0686162,'L\'Tur',''),(1054,2980071588,15.4394507,47.068768,'L`Occitane',''),(1055,2980071589,15.4419634,47.068656,'Neuroth',''),(1056,2980071590,15.4380431,47.0717891,'Näh- und Schnittstudion',''),(1057,2980071591,15.4331153,47.0820476,'Pascalino',''),(1059,2980071608,15.4407114,47.0665177,'Springer',''),(1060,2980071609,15.4379512,47.0716832,'AirField',''),(1061,2980071610,15.4378929,47.0702204,'interio','https://shop.interio.at/pages/interio-filiale-graz'),(1062,2980071611,15.4409865,47.0689461,'intimissimi',''),(1063,2980071612,15.4414283,47.0672784,'1,- Plus €',''),(1064,2980071613,15.4375503,47.0706535,'123gold Trauring-Lounge Graz','https://www.123gold.at/trauringe-graz.html'),(1065,2980102546,15.4009287,47.0397046,'Fingernagelwerkstatt',''),(1066,2980102548,15.4041616,47.029947,'Matratzen Concord',''),(1067,2980125398,15.4401225,47.0700415,'Claire\'s',''),(1068,2980125399,15.4404666,47.0693328,'Douglas',''),(1069,2980125400,15.4407283,47.0689001,'Gioia',''),(1070,2980125401,15.433827,47.0703509,'Heidenspass',''),(1071,2980125402,15.4406278,47.069208,'Jones',''),(1072,2980125403,15.4406806,47.0691788,'Lammer',''),(1073,2980125404,15.4400948,47.0697011,'Marionnaud',''),(1074,2980125405,15.4402485,47.0695742,'Nägele & Strubell',''),(1075,2980125406,15.4337456,47.0706963,'Pell Mell',''),(1076,2980125411,15.4400535,47.0700952,'Liebeskind Store Graz','http://at.liebeskind-berlin.com'),(1077,2980125412,15.4403097,47.0698818,'Yves Rocher',''),(1078,2987629886,15.4030328,47.1032326,'Opel Gady',''),(1079,2987638123,15.4038593,47.0994952,'Autohaus Gady Graz Nord',''),(1080,2988239391,15.4256551,47.101383,'Änderungsschneiderei',''),(1081,2988513784,15.4259697,47.0608468,'Hervis',''),(1082,2988513785,15.4267861,47.0603143,'Martin reformstark',''),(1083,2989087763,15.4271184,47.0605047,'Boutique Folger',''),(1084,2989087766,15.426085,47.0605092,'DM Frisör',''),(1085,2989087767,15.4266411,47.0608828,'Hartlauer Handy Pur',''),(1086,2989087768,15.4270275,47.0605243,'Kedem',''),(1087,2989087769,15.4272549,47.0604768,'Le Clou',''),(1088,2989087770,15.4266844,47.06076,'Mister Minit',''),(1089,2989087771,15.4273144,47.0604582,'Palmers',''),(1090,2989087772,15.4266627,47.0608157,'Pingouin Wolle',''),(1091,2989087782,15.427451,47.0604604,'Claire\'s',''),(1092,2989087788,15.4262996,47.0606912,'Restplatzbörse',''),(1093,2989087789,15.4263164,47.0606125,'Trafik',''),(1094,2989087790,15.4274028,47.0605636,'Vögele',''),(1095,2989087791,15.4267036,47.0606945,'3Dglas',''),(1096,2989385107,15.4267258,47.0665727,'Altwaren',''),(1097,2989385108,15.426814,47.067608,'Asmira Mode',''),(1098,2989385109,15.4267421,47.0678846,'Fight & Fitness Sportsworld',''),(1099,2989385111,15.426475,47.0662447,'Matratzen Concord',''),(1100,2989385123,15.4285778,47.0698616,'Salon Dora',''),(1101,2989385124,15.4264132,47.0661303,'Trafik',''),(1102,2989385125,15.424666,47.0639543,'Wolf',''),(1103,2990091568,15.4271771,47.0602764,'Betty Barclay',''),(1104,2990091569,15.4283435,47.0597691,'CCC',''),(1105,2990091570,15.4277392,47.060217,'Calzedonia',''),(1106,2990091571,15.4283884,47.0600199,'City Blumen',''),(1107,2990091572,15.4268841,47.0603048,'Cocuni',''),(1108,2990091574,15.4281939,47.0597712,'Esprit',''),(1109,2990091575,15.4278349,47.0600279,'H&M',''),(1110,2990091576,15.4282848,47.0600343,'Hubert Auer',''),(1111,2990091577,15.4273378,47.0602981,'Ingrid\'s Exclusive',''),(1112,2990091578,15.4277995,47.0601858,'Intimissimi',''),(1113,2990091579,15.426763,47.0608329,'LS Jeans',''),(1114,2990091580,15.4278559,47.0601359,'Opio',''),(1115,2990091621,15.4266881,47.0603237,'Putzerei Sauberland',''),(1116,2990091622,15.4269818,47.0602954,'Shoeextra',''),(1117,2990091623,15.4276764,47.0602277,'Steinvisionen',''),(1118,2990091624,15.4270794,47.0602859,'Tally Weijl',''),(1119,2990091625,15.428234,47.0601106,'Tom Tailor Denim',''),(1120,2990091626,15.4268557,47.0606618,'WMF',''),(1121,2990091627,15.4279908,47.0602821,'Weltladen',''),(1122,2997299958,15.4568858,47.0696634,'Edelsbrunner Orthopädie-Schuhe','http://www.ortho-edelsbrunner.at'),(1123,2997299992,15.4388382,47.0677479,'Dr. Ebner',''),(1124,3008508810,15.4342134,47.0710029,'Kunsthaus Shop','https://www.museum-joanneum.at/kunsthaus-graz/ihr-besuch/shop'),(1125,3008508811,15.4414578,47.0708217,'MuR - Modernes & Raritäten','http://mur.co.at'),(1127,3034533504,15.4431222,47.0667079,'Elektro Föchterle','http://www.elektroservice.at'),(1128,3034544835,15.437715,47.0710768,'Ara',''),(1129,3047975011,15.4304047,47.0668665,'Gold Express',''),(1131,3048133329,15.4389802,47.0719481,'Alles für die Torte',''),(1132,3048133330,15.4399142,47.0742779,'Alt-Paulustor',''),(1133,3048133332,15.4390399,47.0719408,'Belgische Chocolaterie',''),(1134,3048134034,15.4399503,47.0743762,'Enigma',''),(1135,3048134035,15.4397407,47.0714076,'Estilo',''),(1136,3048134038,15.4398432,47.0740723,'Help Orthopädie','www.help-orthopaedie.at'),(1137,3048134039,15.4392165,47.0718074,'Jevnisek',''),(1138,3048134040,15.4394871,47.0713161,'Koss',''),(1139,3048134041,15.439242,47.071909,'Kunst Galerie Holasek',''),(1140,3048134042,15.439014,47.0718449,'Musik am rechten Fleck','www.musik-fleck.at'),(1141,3048134051,15.4396176,47.0718329,'Richter',''),(1142,3048134052,15.4396908,47.0734575,'pro mente stmk','promente-shop.at'),(1143,3048174116,15.4336293,47.0282871,'Bipa','http://www.bipa.at/'),(1144,3048174117,15.4004526,47.0225132,'Jurtin medical','www.jurtin.at'),(1145,3048174118,15.4007313,47.0223005,'Kinderladen Bambini',''),(1146,3048174119,15.4004704,47.0226011,'Optica',''),(1147,3053689315,15.4434361,47.0666285,'Bonaplanta',''),(1149,3077989542,15.4385811,47.0680991,'Foto Weiss','http://www.pixelland.at/'),(1150,3080432792,15.4054609,47.0954411,'Pagro',''),(1151,3080432793,15.4053669,47.0956487,'dm',''),(1153,3083293495,15.432717,47.0707989,'LayerLab','https://www.layerlab.net'),(1154,3085953422,15.4488265,47.0717386,'Tabak Trafik',''),(1155,3086668156,15.4456263,47.0756609,'Frisiersalon Gabriele',''),(1156,3086927214,15.4196659,47.0320381,'Sport Marken Outlet','http://www.sportmarkenoutlet.at/'),(1157,3086927215,15.4200676,47.0319496,'Pagro Diskont','http://www.pagro.at/'),(1158,3086927216,15.4204132,47.0318994,'KiK','http://www.kik-textilien.at/'),(1159,3086927217,15.4207317,47.031841,'Dänisches Bettenlager','http://www.daenischesbettenlager.at/'),(1160,3086927383,15.4211147,47.0318308,'Fressnapf',''),(1161,3086927384,15.4213925,47.0318287,'Golf House','http://www.golfhouse.at/'),(1162,3087319760,15.4138201,47.033928,'BabyOne','http://www.babyone.at/'),(1163,3087319761,15.4136538,47.0337799,'Toys\"R\"Us','http://www.toysrus.at/'),(1164,3087319762,15.4169449,47.0345167,'electronic4you','http://www.electronic4you.at/'),(1165,3092569985,15.4237786,47.1135098,'Tabak Trafik',''),(1166,3096409278,15.4281324,47.0598603,'Müller',''),(1167,3103409531,15.45085,47.0718966,'Muchar Upcycles','http://www.mucharupcycles.com'),(1168,3103409532,15.4411272,47.0674685,'togethair','http://www.togethair.com'),(1169,3105283254,15.4385615,47.062846,'Vogl + Co',''),(1170,3105283260,15.4417589,47.0645819,'Bestattung Graz','http://www.holding-graz.at/bestattung.html'),(1171,3108951530,15.4519064,47.0682087,'Michaela',''),(1172,3117535086,15.4511794,47.0513579,'Bioresonanz Irene',''),(1173,3117535087,15.4434171,47.0574812,'Lackiererei Nezmahen','http://www.nezmahen.at'),(1174,3117535088,15.4499291,47.0526959,'Linde',''),(1175,3117535121,15.4498877,47.0527988,'Zieger',''),(1176,3120487032,15.4360529,47.0698803,'Annachord','www.annachord.at'),(1177,3120487033,15.4430212,47.0631046,'philoro EDELMETALLE','https://philoro.at/'),(1178,3120487040,15.4382621,47.0690658,'Petra',''),(1179,3120487113,15.4551559,47.0474623,'Rasiererfachgeschäft',''),(1180,3120487115,15.445086,47.0593237,'Ritter Nails',''),(1181,3120487118,15.4360488,47.0706579,'Die Reiserei',''),(1182,3120739102,15.4325031,47.0519739,'Brandl',''),(1183,3127764092,15.4442677,47.0700034,'Vinothek bei der Oper',''),(1185,3148990578,15.4327847,47.073552,'Offline Retail',''),(1186,3148992216,15.4348376,47.0751211,'afro american hair salon nanah',''),(1187,3151716093,15.4394171,47.0739897,'Hifiteam Czesany GmbH','www.hifiteamshop.at'),(1188,3180330601,15.4041966,47.0697717,'Pagro',''),(1189,3191379800,15.4332776,47.0732479,'Hausfrauenpalast','www.facebook.com/102420413164501'),(1190,3191379801,15.4313718,47.0739347,'Feichtinger Schmuckhandel','http://www.feichtinger.biz'),(1191,3195647592,15.4328125,47.0711206,'Taiga Conceptstore','http://www.taiga.cc/'),(1192,3207328514,15.4311999,47.0772737,'Aristokrat','http://www.aristokrat.cc'),(1193,3207328515,15.4314178,47.0773349,'Rohani Teppiche','http://www.rohani.at/'),(1194,3207368173,15.4375547,47.0709478,'Fleischerei Hütter','http://www.fleischerei-huetter.at/'),(1195,3207486150,15.4396843,47.0664426,'ÖAMTC Reisebüro','http://www.oeamtc.at/'),(1196,3219922603,15.4430448,47.0671303,'Stylish',''),(1197,3219922604,15.4425565,47.0691864,'Naturprodukte von den Bienen',''),(1198,3237104448,15.445949,47.0647971,'Biogena','http://www.biogena-lounge.at'),(1199,3237104449,15.4167776,47.0351292,'Libro','http://www.libro.at'),(1200,3237104450,15.4467855,47.0650367,'Medizinprodukte',''),(1201,3237104451,15.4162962,47.0343355,'dm','http://www.meindm.at'),(1202,3268679263,15.4315896,47.0741476,'Grünschnitt','http://www.friseur-gruenschnitt.at'),(1203,3274523680,15.4332187,47.0458539,'Kern','http://baeckerei-kern.at'),(1204,3278823914,15.4377651,47.070927,'Heissenberger',''),(1205,3298208061,15.4177031,47.032111,'Steinecker',''),(1207,3324018465,15.4344934,47.0514459,'Raumdruck','http://www.raumdruck.at'),(1209,3344170161,15.422062,47.114057,'Best Beauty',''),(1210,3344170162,15.4219816,47.1140581,'Deko Line','www.deko-line.at'),(1212,3344170171,15.4224036,47.1140243,'RoFa Sport',''),(1214,3350440780,15.4203218,47.1051804,'Aurana',''),(1216,3350445824,15.4204019,47.106276,'Rasenmäher Technikcenter','www.dlz.co.at'),(1217,3354681841,15.4331742,47.0753824,'Umverteiler',''),(1218,3355112704,15.4220858,47.114339,'Helmut A. Knödl',''),(1219,3361911100,15.485824,47.0452162,'T-i-M DI Christian Kappel e.U.','http://www.tim.co.at/'),(1220,3372002208,15.415415,47.1095444,'Änderungsschneiderei',''),(1221,3385998828,15.4504613,47.0672814,'Tapezierer Kaufmann','http://www.tapezierer-kaufmann.at'),(1223,3405460154,15.4594792,47.0895879,'Matratzen Concord',''),(1225,3406085604,15.4260815,47.101477,'Strini','http://www.designwohnen.at/'),(1226,3423990888,15.4138464,47.0930469,'Eisstöcke',''),(1227,3424695998,15.4337042,47.071328,'Scala','http://www.scala-messer.at'),(1228,3424880129,15.4251217,47.1002891,'Blumen:Gran','www.blumen-gran.at'),(1229,3424880130,15.4028699,47.1116397,'Dennig Angus Beef',''),(1230,3424880132,15.4415284,47.0664879,'Wölfl',''),(1231,3424880133,15.4245736,47.1003884,'Küchen-Möbel-Raumdesign Griessner','www.tischlerei-griessner.at'),(1232,3428426886,15.4625144,47.0404835,'DM',''),(1233,3428426887,15.4442912,47.0676259,'DM',''),(1234,3428488653,15.3957291,47.0578011,'BioShop','http://www.bioshopgraz.at/'),(1235,3434359495,15.4470597,47.0688503,'Foto Baldur','http://www.fotobaldur.at'),(1236,3445256032,15.4448474,47.03451,'Elektrofahrradcenter Graz',''),(1237,3445256033,15.4263506,47.074928,'Rebikel',''),(1238,3452051778,15.3997108,47.1040053,'CCC',''),(1239,3452051779,15.3999952,47.1038957,'Deichmann',''),(1240,3452051780,15.4002124,47.1037771,'Dressmann',''),(1241,3452051781,15.4003036,47.1036657,'Charles Vögele',''),(1242,3452051782,15.4005477,47.1034959,'New Yorker',''),(1243,3452051783,15.4005343,47.1039268,'Kern','http://www.baeckerei-kern.at/#stores'),(1244,3452051784,15.4003439,47.1040692,'Geschenkeparadies',''),(1245,3452051785,15.4008052,47.103317,'Mister Lady',''),(1246,3452051786,15.4009479,47.1031744,'K+Ö GigaSport',''),(1247,3452051787,15.4011815,47.1029335,'Müller',''),(1248,3452051788,15.3994791,47.1039694,'Das Futterhaus',''),(1249,3453978490,15.4583688,47.0240747,'Michaela',''),(1250,3467854501,15.4390106,47.0690208,'Spielzeugschachtel','http://www.spielzeugschachtel-graz.at'),(1251,3468108590,15.4328904,47.0793784,'Bicycle','http://www.bicycle.at/'),(1252,3493043980,15.4685934,47.1190343,'Pfeifer-Sieber',''),(1253,3493248686,15.4278992,47.0667434,'Obsthof',''),(1254,3505713672,15.4288468,47.0699946,'AllerLEIHLaden','http://www.allerleihladen.at'),(1255,3507809099,15.4460531,47.0677007,'Teppichhaus Dipl.Ing. Karimi',''),(1256,3507809100,15.446221,47.0675594,'Vipauz',''),(1257,3507809101,15.436115,47.0703344,'böhm',''),(1258,3519881753,15.4442172,47.0671353,'Perviva',''),(1259,3534219908,15.4391671,47.0704465,'Angolo',''),(1260,3534219910,15.4429215,47.066893,'Frisier Salon Reck',''),(1261,3534219915,15.4392976,47.0707373,'Schullin',''),(1262,3534219916,15.4495104,47.0665086,'Unique',''),(1263,3562211663,15.4426928,47.0648926,'Take the Cake',''),(1264,3569288704,15.4812339,47.0405738,'C. Bergmann Fliesen','http://www.c-bergmann.at/Fliesen/'),(1265,3569288707,15.444264,47.034383,'Quester Fliesen & Parkett',''),(1266,3576905145,15.4401284,47.069377,'Mészáros Macaron and Dessert Boutique',''),(1267,3578416207,15.4117739,47.0660422,'ÖAMTC Graz-West',''),(1268,3578416208,15.4122068,47.0661975,'ÖAMTC Graz-West',''),(1269,3579990763,15.4217126,47.0861766,'Dorbeya',''),(1270,3579990765,15.4217943,47.0737494,'Frisör',''),(1272,3580975045,15.432182,47.0833734,'Mayerhofer Pelze',''),(1273,3580975046,15.433025,47.0821773,'Nostalgisches & Neues',''),(1276,3580975084,15.4238387,47.093266,'Sintec IT-Service',''),(1277,3584329174,15.4209192,47.1037153,'Tiffany',''),(1278,3588654208,15.4303348,47.0710827,'Handy Gold Shop',''),(1279,3588654209,15.439944,47.0734891,'Net nur Shirt',''),(1280,3588654210,15.4335111,47.0719911,'Pane',''),(1281,3588654214,15.427428,47.0712401,'Tornado',''),(1282,3588654215,15.4277012,47.0712211,'chic',''),(1284,3595918165,15.4665025,47.0290762,'Autobahn-Zoo',''),(1285,3595919123,15.4682245,47.025182,'Haarvanna','http://www.haarvanna.at'),(1287,3606637750,15.4427064,47.0563748,'SEFRA','http://www.sefra.at'),(1288,3606684876,15.4300295,47.0567486,'ATSW - Kfz-Wuthe','http://www.atsw.at/'),(1289,3615772355,15.4180368,47.0977474,'Carla',''),(1290,3615772356,15.4159745,47.0833419,'Hali Büromöbel','http://www.hali.at/de/kontakt/'),(1291,3615772371,15.4120361,47.0878251,'Revolution Tattoo',''),(1292,3615772373,15.4090264,47.0904754,'haar genau',''),(1293,3620563560,15.44005,47.0724374,'Antiquitäten',''),(1294,3639251892,15.4043397,47.0701614,'DM','http://www.dm-drogeriemarkt.at'),(1295,3639483722,15.4012642,47.1035257,'KIDS SHOE OUTLET',''),(1296,3639483723,15.4011435,47.1037028,'FAUSTMANN',''),(1297,3674079733,15.4329131,47.0267072,'Wunderland Hanfshop und Zierpflanzenhandel',''),(1298,3676824249,15.4055106,47.095921,'Tabak Trafik',''),(1299,3711663005,15.402649,47.0704472,'Heidemarie Wagner Tabaktrafik',''),(1300,3713041530,15.4030826,47.0722641,'Schatztruhe','http://schatztruhe-graz.at/'),(1301,3714311536,15.4465963,47.0682415,'Kasalm','http://www.kasalm.at'),(1302,3714311537,15.4462316,47.0684191,'Natureck Pelzmann',''),(1303,3726198762,15.4465001,47.0682874,'Julia Jeschek',''),(1304,3726203997,15.4451764,47.0679155,'Brantner','http://www.reformhaus-brantner.at/'),(1305,3730895224,15.4622664,47.0372892,'Haarimpuls',''),(1306,3740311722,15.4151805,47.0362058,'Rudolf Paar Waffen',''),(1307,3749923751,15.4019427,47.095154,'Billa',''),(1308,3752583611,15.4425999,47.0653376,'Hörgeräte Kamper','http://www.klaus-kamper.at'),(1309,3754439629,15.443954,47.0676278,'ROMA Friseurbedarf - Steirerhof','http://www.roma.at'),(1310,3754439630,15.4337616,47.0725037,'ROMA Friseurbedarf - Kramer','http://www.roma.at'),(1311,3763384980,15.4370997,47.0721874,'Kuoni',''),(1312,3763384981,15.4372217,47.072097,'Ludwig Reiter',''),(1313,3763384983,15.437437,47.0724379,'Streif',''),(1314,3763400308,15.4413376,47.0646893,'Regionarrisch','http://regionarrisch.info'),(1315,3763400309,15.4413149,47.0647672,'Handy Bausteine',''),(1316,3763400311,15.4415144,47.0651481,'Imex',''),(1317,3763400312,15.4410873,47.0649432,'Lumikki',''),(1318,3763400313,15.4413019,47.0648575,'Opalka',''),(1319,3763400314,15.4407528,47.0648117,'Prontolux',''),(1320,3763400315,15.4412224,47.0652995,'feelgood studio',''),(1321,3773149947,15.469289,47.0591835,'Neuroth',''),(1322,3776987774,15.4285522,47.0711746,'Repa Copy',''),(1323,3798243681,15.4137754,47.0428085,'tscherne',''),(1324,3799574442,15.432233,47.0709928,'Baumgartner',''),(1325,3799991851,15.4021225,47.1026804,'Steyr-Werner','https://www.steyr-werner.at/kontakte/niederlassungen/graz'),(1328,3822992997,15.4245443,47.0638175,'Pfandleihhaus',''),(1329,3835638024,15.4098111,47.0535065,'Spar Peter-Rosegger-Strasse',''),(1332,3838761703,15.4450092,47.067879,'Möbelhaus Loran',''),(1333,3840898282,15.4377161,47.0701754,'T. O. Stoffe','http://www.stoffgeschaeft.com'),(1334,3858661561,15.432578,47.0736847,'Uhren',''),(1335,3860840224,15.4409392,47.0677161,'Anna Maria',''),(1336,3865936466,15.4411019,47.0677878,'Art & Fashion Team',''),(1337,3865936467,15.439681,47.0672151,'Daniela',''),(1339,3871899880,15.4459743,47.0753004,'Uni-Antik',''),(1340,3871899881,15.445596,47.0756931,'Wunderkammer',''),(1341,3884607318,15.428389,47.0717191,'Pagro',''),(1342,3885161495,15.459057,47.0660773,'Easy Success Studienbetreuung Lektorat',''),(1343,3890293287,15.4485305,47.0755332,'Hairpower',''),(1344,3890293288,15.4465004,47.0752026,'Michaela`s Papierfachgeschäft',''),(1345,3902924593,15.428346,47.059905,'Leykam',''),(1346,3902924594,15.4282947,47.0596744,'Saturn',''),(1347,3916710975,15.4455831,47.0669367,'Druckershop','http://druckershop.com/standorte/druckershop-8010-graz/'),(1348,3919403633,15.4270167,47.0603155,'T-Mobile Shop Graz Citypark','www.t-mobile.at'),(1349,3930873854,15.4412443,47.0709513,'Kaspar Harnisch - Bastelbedarf',''),(1350,3931240206,15.4498002,47.0719405,'Blazek',''),(1351,3931240207,15.4499389,47.0719505,'Uhren Goldschmied',''),(1352,3931240208,15.4496464,47.0719306,'freistil und Schlafsofa Store','http://www.wohndesign-maierhofer.at/impressum.php'),(1353,3931378159,15.4401622,47.0584334,'Glas Wendl',''),(1354,3931378160,15.4404491,47.058575,'Tabak Trafik',''),(1355,3931378162,15.4404363,47.0586476,'Unless Afro Shop',''),(1356,3931378163,15.4289322,47.0666658,'freiberger+stiger',''),(1357,3932199423,15.4560448,47.0479584,'Peter Max','http://www.petermax.at/de'),(1358,3940673217,15.441035,47.0564124,'Fashion Dog\'s',''),(1359,3940673219,15.4407256,47.0562704,'KiK',''),(1360,3940673220,15.4410165,47.0564785,'BF-Laptops-Notebooks',''),(1361,3941439175,15.4428759,47.0685857,'Samsung Customer Service Center','http://www.samsung.com/at/microsite/servicecenter/'),(1362,3944724699,15.4529674,47.0726824,'Rupert Hofer',''),(1363,3944724700,15.452734,47.0727351,'Salon',''),(1364,3944724701,15.4528138,47.0727805,'Schlosserei Ritonja','http://www.schlosserei-ritonja.at/'),(1365,3944724702,15.4528541,47.0726145,'Tommy & Lilly\'s Nähoase',''),(1366,3944983354,15.4472092,47.0651398,'little fashion',''),(1367,3944983356,15.4471184,47.0651132,'re.turn - city',''),(1368,3945071413,15.4628805,47.0662832,'MAD Teppich Galarie, Service Center',''),(1369,3951499242,15.4363013,47.0735416,'GOLDZANDER - Juwelier im Zanderhof','www.goldzander.at'),(1370,3957697793,15.4394849,47.0792517,'Klavierhaus Streif','http://www.klaviere-streif.com'),(1371,3963938335,15.4643625,47.0648962,'Weninger',''),(1372,3968286833,15.4336581,47.072041,'EVETO','www.eveto.at'),(1373,3977108136,15.4332285,47.0476346,'Carla & Möbelverkauf',''),(1374,3977108137,15.4368115,47.083949,'Carla & Paul - Shop',''),(1375,3977108138,15.4533435,47.0731018,'Naturladen Kleine Hexe',''),(1376,3977108139,15.4357943,47.0735483,'Ompura','www.ompura.at'),(1377,3979611308,15.4432004,47.0706605,'Taschnerei Konrad Pölzer',''),(1378,3987016843,15.4189152,47.0853982,'Fleischerei Poparić','https://www.facebook.com/Fleischerei-Poparic-1018141698209005/'),(1379,3994392558,15.4481882,47.0683372,'Schwar Orthopädische Schuhe','http://www.orthopaedie-schwar.at/'),(1380,4024383794,15.4469592,47.0692354,'Siematic',''),(1381,4026956499,15.4466632,47.067638,'Zechner',''),(1383,4051146758,15.4376926,47.0344357,'S&K Werkstatt GmbH','http://www.sk-werkstatt.at/'),(1384,4067941625,15.4443949,47.0682972,'Ayurveda',''),(1385,4076291020,15.46347,47.0671658,'1st-Relief e.U. - Yacht- und Bootszubehör','http://www.1st-relief.com'),(1386,4078505532,15.4325028,47.071109,'by Luis',''),(1387,4078510935,15.428071,47.065952,'Akdag Lebensmittel',''),(1388,4079036535,15.457623,47.075005,'Elektro Mauerhofer',''),(1389,4079036536,15.4572417,47.0745694,'cmi','https://www.forbettercoffee.com/'),(1390,4087071885,15.4396989,47.0699429,'Huber',''),(1391,4087071886,15.439791,47.0698811,'Tamaris',''),(1392,4098355463,15.4423329,47.0661213,'Bücher-Wolf',''),(1393,4099166686,15.4273511,47.0591683,'JAGUAR & LAND ROVER Center','http://www.jaguar-landrovercenter-graz.com'),(1395,4146584092,15.4066313,47.070232,'Trafik',''),(1396,4150213311,15.4665889,47.0794824,'GRUBER Reisen',''),(1397,4168094380,15.4420674,47.0663058,'Anigame',''),(1398,4168094381,15.4435305,47.0665758,'DaRetroShop',''),(1399,4168094383,15.4373702,47.071997,'Xocolat','http://www.xocolat.at'),(1402,4191861086,15.4400197,47.0684946,'Carina Harbisch Fashion Store','http://www.carinaharbisch.com'),(1403,4197978680,15.4500947,47.0640456,'Artandtrade','www.art-andtrade.com'),(1404,4197978682,15.4490885,47.0641534,'Helge Murgg',''),(1405,4197978683,15.4503335,47.063962,'TechnoCell',''),(1406,4203973661,15.4364709,47.070984,'City Kosmetik',''),(1407,4207174540,15.4876679,47.0848624,'Greimel','http://www.kaufhaus-greimel.at/'),(1408,4207174541,15.4876089,47.0848703,'Putzereiannahmestelle',''),(1409,4209413979,15.394307,47.1003961,'Hubert Auer',''),(1410,4211076024,15.4217023,47.0625161,'Porsche Austria IBS Stützpunkt Graz 1',''),(1411,4211084582,15.4016524,47.0400606,'Porsche Austria IBS Stützpunkt Graz 2',''),(1412,4212079167,15.4419243,47.0704686,'Fiagaro Inzahi','http://www.inzaghi.at'),(1413,4215036897,15.4363278,47.0699211,'Fahrenbruch','http://www.fahrenbruch.at'),(1415,4221662597,15.4410775,47.0710687,'Carolinenhaus',''),(1416,4221664092,15.4410823,47.0710823,'Buchbinderei Folkhard','https://www.buchbinderei-graz.at/'),(1417,4221673492,15.4390334,47.0718862,'Richter',''),(1418,4221691713,15.4408585,47.0708814,'Reisebüro Südland',''),(1419,4221737790,15.4414026,47.0705599,'Schoko-Schmiede',''),(1420,4221769289,15.4409132,47.0708763,'Pilatus',''),(1421,4228889649,15.4516587,47.0608938,'Attenberger',''),(1422,4230787906,15.4434685,47.0619193,'Schalk',''),(1423,4232500116,15.4402217,47.0664815,'Der kleine Rebus',''),(1424,4232500117,15.4399176,47.0664597,'Dunkler',''),(1425,4232500118,15.4403616,47.0665084,'L&A',''),(1426,4232500120,15.4432607,47.0665763,'Susi',''),(1427,4232500121,15.4429066,47.0663848,'Wohnstil Grabner',''),(1428,4232500122,15.4394246,47.0672763,'Zaim',''),(1430,4237317719,15.4417584,47.0717773,'Felix Eck',''),(1431,4241461901,15.4714604,47.0573937,'Kummer',''),(1432,4241461902,15.4711721,47.0572309,'Spar Express',''),(1433,4242108680,15.4229161,47.0714321,'Annen Cafe',''),(1434,4242108681,15.4224219,47.0711983,'Canon Rottmann',''),(1435,4242108683,15.422549,47.0714408,'Lebensmittel aus Ungarn',''),(1436,4242108684,15.4226844,47.0714367,'Strickliesl',''),(1437,4242963016,15.4403704,47.0683672,'Figaro',''),(1438,4242963017,15.4445192,47.0677817,'Flair',''),(1439,4242963018,15.4448317,47.0678644,'Glücksperle',''),(1440,4242963019,15.4669541,47.0796465,'Hansaton',''),(1441,4242963021,15.4581927,47.0752455,'Kleine Malwerkstatt',''),(1443,4249508189,15.4362014,47.0701177,'NTG 25 - Mode und mehr',''),(1444,4256365323,15.4447955,47.0699563,'Lichthaus zur Oper',''),(1445,4272361820,15.4331635,47.072976,'Schranzer',''),(1446,4275510248,15.4312716,47.0669316,'Feinkost Schein',''),(1447,4275510249,15.4317901,47.067275,'Abaawa Afro Shop',''),(1448,4291611535,15.4398782,47.0741455,'Venetia',''),(1449,4293467313,15.4350534,47.0747655,'E.R.F.',''),(1450,4293467314,15.4463385,47.0749397,'Holper',''),(1451,4296154366,15.4322762,47.030416,'Brau Union Getränkeshop',''),(1452,4297207296,15.4363188,47.0725169,'Antikes Kabinett',''),(1453,4297207297,15.4356421,47.0738377,'Blaublut',''),(1454,4297207299,15.4382848,47.0718884,'Douglas',''),(1455,4297207301,15.4390316,47.0723739,'Gold Ankauf',''),(1456,4297207302,15.435283,47.0740199,'Goldway',''),(1457,4297207304,15.4355338,47.0740012,'Boutique Gerstner',''),(1458,4297207305,15.4356706,47.0737349,'Holasek','http://www.kunstmeilegraz.at/antiquitaeten-dipl-ing-holasek/'),(1459,4297207306,15.4363864,47.0723101,'Infected',''),(1460,4297207307,15.4386603,47.07226,'Kedma',''),(1461,4297207308,15.4390638,47.0723908,'Kunst Art Werkstatt Graz',''),(1462,4297207309,15.4383428,47.0721392,'Michael Plummer',''),(1463,4297207310,15.4356531,47.0738073,'Mostegl',''),(1464,4297207311,15.4383292,47.0719162,'Nowi',''),(1465,4297207312,15.4351271,47.0740062,'Physiotherm','www.physiotherm.com'),(1466,4297207313,15.4386194,47.0722116,'Pierre',''),(1468,4297207384,15.4389589,47.0723523,'Schick Fashion',''),(1469,4297207385,15.4358667,47.073044,'Stajan',''),(1470,4297207386,15.4385502,47.0718043,'Studio Engel',''),(1471,4297207387,15.4358429,47.0731486,'Tabak Trafik',''),(1472,4297207388,15.4356037,47.0735173,'Vörösmarty',''),(1473,4298812368,15.4420197,47.0707746,'Ancient Art',''),(1474,4298812370,15.4445259,47.0699247,'Berlinchen',''),(1475,4298812371,15.4441928,47.0702534,'Berlinchen-Workshops',''),(1476,4298812373,15.4421818,47.0691644,'Butlers','https://www.butlers.com/butlers-graz-hans-sachsgasse-5'),(1477,4298812376,15.444206,47.0696469,'Christian Jungwirth',''),(1478,4298812377,15.4380511,47.0680151,'Christine Rohr',''),(1479,4298812378,15.4435148,47.0680701,'Digital Camera Graz',''),(1480,4298812379,15.4378298,47.0692115,'Evamaria Thonet',''),(1481,4298812381,15.4397614,47.0707529,'Foto Fischer',''),(1482,4298812383,15.4379736,47.0692841,'Glamour & Klassik',''),(1483,4298812384,15.4439758,47.0700877,'Glücksstelle Fochler',''),(1484,4298812385,15.4418845,47.0707124,'Güldenstern',''),(1485,4298812386,15.4415952,47.0704955,'Hadler',''),(1486,4298815389,15.4445287,47.0684789,'Jaga\'s Steirerei',''),(1487,4298815390,15.4379616,47.0679891,'La Bionda',''),(1488,4298815392,15.4435861,47.0696218,'MP7',''),(1489,4298815393,15.4426707,47.0705077,'Magazzin',''),(1492,4298815831,15.4429197,47.070171,'R. Leykauf',''),(1493,4298815832,15.4385195,47.0691044,'René Rauschl','www.viktorsteinwender.at'),(1494,4298815833,15.4385288,47.0676383,'Rosi\'s Haarstudio',''),(1495,4298815834,15.4398019,47.0706428,'Salamander',''),(1496,4298815835,15.4371538,47.0680603,'Showroom',''),(1497,4298815837,15.4441527,47.0703011,'Steiner Teppichwäscherei',''),(1498,4298815838,15.4438999,47.0705781,'Glaserei Steiner Uitz','http://www.kreativglas.at/de/standorte/'),(1499,4298815839,15.4381483,47.06803,'Tabak Trafik Thomas Strohmayer',''),(1500,4298815841,15.4444494,47.0699946,'Tabak Trafik',''),(1501,4298815842,15.4405136,47.0684438,'Teppiche Tax-Szilvay',''),(1502,4298815844,15.4434094,47.0696245,'fresh spa','www.freshspa.at'),(1503,4299717107,15.4338581,47.0780331,'Bicycle Fahradverleih und Fahradwaschanlage','http://www.bicycle.at/'),(1504,4299717108,15.4655282,47.0629578,'dm Firiseurstudio',''),(1505,4299717109,15.4654042,47.0629296,'dm Kosmetikstudio',''),(1506,4300854933,15.436451,47.0713679,'Kastner und Öhler Home',''),(1508,4304587095,15.4388726,47.071006,'Big Bag',''),(1509,4304587097,15.4387117,47.068652,'Kosmetiksalon Andrea',''),(1510,4304587609,15.4395711,47.0705103,'Salamander',''),(1511,4305617209,15.4360654,47.0659136,'Art Department','www.artdeptatoo.com'),(1512,4305617210,15.4361029,47.0656546,'Egger',''),(1513,4305617211,15.4378019,47.0676329,'Hairstyling P3',''),(1514,4305617258,15.4360815,47.0657323,'Rantascha',''),(1515,4305617259,15.436052,47.0659775,'Tabak Trafik',''),(1516,4310441114,15.4312482,47.0658777,'Marti Reisen','http://www.martireisen.at'),(1517,4311690762,15.4603182,47.0743393,'Haarmode Gabi',''),(1518,4311690764,15.4640627,47.0790063,'Home Gartner',''),(1519,4343162736,15.4457335,47.0667125,'Casa Selkis','http://jakomini.heinzelmaennchen.at/data/18177/'),(1520,4348078564,15.4673461,47.0668716,'Leitner',''),(1521,4367478689,15.4246009,47.0726057,'LG-Licht u. Elektrotechnik GmbH & Co KG','http://www.lg-licht.at'),(1522,4417441978,15.4523994,47.0493656,'ALPHA Bestattungen','http://alpha-bestattungen.at/'),(1523,4454694341,15.4361499,47.0252596,'Louis Mega Shop Graz',''),(1524,4458250219,15.4122032,47.0242723,'Syswork IT',''),(1525,4477086944,15.4025674,47.0880262,'Pfötchenstube Gösting','http://pfötchenstubegösting.at'),(1526,4477549638,15.4310268,47.0766396,'Susan Beauté',''),(1527,4483907190,15.4034708,47.0698203,'Tedi',''),(1528,4486567422,15.3995498,47.0277606,'Würth - Kundenzentrum','https://www.wuerth.at'),(1529,4487675494,15.4421367,47.0668421,'FlixBus',''),(1530,4487675992,15.4339454,47.0266937,'Voodoo Tattoo','http://voodoo-tattoo.at'),(1531,4498189196,15.4241349,47.0716584,'Huber Reisen',''),(1532,4513494895,15.4622803,47.0407875,'McShark',''),(1533,4516470106,15.4406188,47.0725606,'SUN/SET/STAR',''),(1534,4516506820,15.4701781,47.0585986,'e-dampfzigarette','http://www.e-dampfzigarette.at/'),(1535,4516525824,15.4042296,47.0641449,'Dampferhütte Graz','https://dampferhuette.at/E-Zigarette-Graz'),(1536,4516552175,15.3929738,47.0632768,'Citydampf','http://citydampf.at/shop/'),(1537,4534091994,15.4000411,47.0213702,'Mega DVD',''),(1538,4534138152,15.4649244,47.0305197,'Optik Temmel','http://www.optik-temmel.at'),(1539,4539490413,15.4179663,47.0734118,'Hofer',''),(1540,4543124291,15.4281843,47.0709366,'Billa',''),(1541,4544637493,15.4296595,47.0236811,'Billa',''),(1542,4550053383,15.4397532,47.0709874,'Guldenbrein',''),(1543,4550053386,15.4400321,47.0708369,'Kunsang Tibet Shop',''),(1544,4554117889,15.4405533,47.0709201,'Bücherstube',''),(1545,4562772936,15.4459654,47.0669045,'Dr. Bottle','http://www.drbottle.at/'),(1546,4562772937,15.4455275,47.0667873,'Feng Shui',''),(1547,4564922806,15.4318952,47.0697381,'Einhaar',''),(1548,4565778579,15.431927,47.0695069,'Spa zur Sonne','https://shop.spa-graz.at/'),(1549,4587217901,15.4068262,47.0741636,'Salon Evelyn',''),(1551,4607458967,15.4402573,47.0701571,'s´ Fachl','http://www.fachl.at'),(1552,4607529316,15.4227276,47.1135781,'Blumenhaus Zötsch','http://www.blumenhaus-zoetsch.at/'),(1553,4607529317,15.4389374,47.120944,'Erika - Bastelladen',''),(1554,4614918910,15.4598238,47.0890823,'Glücksbringer',''),(1555,4637859864,15.4622578,47.0410972,'Martin Auer',''),(1557,4643797141,15.4724707,47.0568255,'Bestattung Wolf',''),(1558,4646142189,15.4383509,47.0675651,'Friseurbedarf',''),(1559,4646142191,15.4382075,47.0675192,'Feinkost M. u. H. Langer',''),(1560,4648786859,15.4473004,47.0656872,'Stichtag',''),(1561,4648786860,15.4484671,47.0644799,'Barbershop Holy Tiger',''),(1563,4663406792,15.4274607,47.0666535,'Der KOPIER Laden - Roswitha Wilfling KEG',''),(1564,4664883331,15.4224484,47.1032825,'Fleischerei Kollar-Göbl','http://www.kollar-goebl.at/standort-graz-andritz/'),(1565,4671670147,15.4550412,47.0642466,'Gallier',''),(1566,4678786658,15.3944305,47.0473117,'Billa','https://www.billa.at/'),(1567,4679922716,15.4504543,47.0687232,'Printservice der TU Graz',''),(1568,4680962165,15.4214547,47.0815618,'Norge Putzerei / Wäscherei',''),(1569,4680962166,15.4215817,47.0816236,'Männerfriseur',''),(1570,4682199706,15.4415859,47.0661038,'Biosthetik Friseur Eva','http://friseur-eva.at/friseur-graz/'),(1571,4682435750,15.3856616,47.0467829,'Bio Hofladen','http://www.fachschulen.steiermark.at/cms/beitrag/12109777/107836091'),(1572,4685027626,15.4407772,47.06895,'Flying Tiger Copenhagen','http://at.flyingtiger.com/de-at/countries/austria/stores/at105'),(1573,4692972718,15.4360568,47.070493,'Kitsch & Kunst','http://www.kitschundkunst.at'),(1574,4693752897,15.4170187,47.0725634,'Brezelkönig',''),(1575,4703384482,15.4422623,47.0683912,'Lederleitner Take Away',''),(1576,4703384483,15.4421772,47.0684612,'Breineder Gibiser','http://www.breinedergibiser.at/'),(1577,4720648083,15.4483531,47.0724528,'Immobilien Dipl.-Ing. Mag. Ingo Lasserus',''),(1578,4722681524,15.4288153,47.0891495,'Billa',''),(1580,4729469416,15.44751,47.0686638,'Il Nascondiglio','https://ilnascondiglio.at/'),(1581,4730345878,15.4411985,47.0710022,'Haarmanufaktur Christoph Skoff','https://www.haar-manufaktur.at/'),(1582,4730469121,15.4275823,47.0709874,'Barbershop Duke John\'s',''),(1583,4742996593,15.4039266,47.0294477,'Schrack Technik','http://www.schrack.at/kontakt/'),(1585,4756084537,15.4667503,47.0817066,'Auer',''),(1586,4759663292,15.4911122,47.0779148,'SPAR express',''),(1587,4763869950,15.4271567,47.0546633,'Schilder & Stempelhaus','http://www.schilderhaus.at'),(1588,4808089028,15.4241394,47.0647817,'Auto Profi Kracher',''),(1589,4808095131,15.4235142,47.0663591,'Auto Akriv',''),(1590,4811278786,15.4274259,47.0605401,'Fussl',''),(1591,4811278788,15.4284366,47.0430471,'mild stein',''),(1592,4851605841,15.4312293,47.0669209,'HandyMan','http://www.handyman-graz.at/'),(1593,4851605853,15.4442047,47.0685299,'Zeitgeist','http://www.zeitgeist-graz.at/'),(1594,4857108307,15.4500181,47.0760977,'Martin Auer','http://www.martinauer.at/filialen/'),(1595,4857116421,15.4180054,47.0998217,'Banesa e titit',''),(1596,4857686779,15.4142119,47.0419709,'INTERNORM Fenstertechnik Saurer','http://www.fenstertechnik.at'),(1597,4857686797,15.4182359,47.0334022,'Betten Reiter','https://www.bettenreiter.at/filiale/8054-graz/#store-name'),(1598,4858278269,15.4103753,47.0800257,'Green Living Lab',''),(1599,4869184948,15.407215,47.0771723,'Unimarkt',''),(1600,4873922499,15.4024353,47.0948831,'Martin Auer',''),(1601,4875596755,15.45128,47.0635389,'BMA Baumarkt Antiqua','http://www.baumarkt-antiqua.at/'),(1602,4877878260,15.4875078,47.0429423,'Billa stop & shop',''),(1603,4877895923,15.4871269,47.0436367,'VIVA shop',''),(1604,4906708907,15.4859688,47.0450488,'Prime Software GmbH','http://www.prime-software.at/'),(1605,4906728950,15.4525177,47.0690269,'Prime Software Solutions','http://www.prime-software.at/'),(1606,4956430622,15.4259312,47.0516454,'BIPA',''),(1607,4965730933,15.4403741,47.0625851,'Reyhani GmbH','http://www.reyhani.at/'),(1608,5030208322,15.4311447,47.0639005,'Pokal',''),(1609,5075325490,15.4184553,47.099203,'funkelektronik','https://www.funkelektronik.at'),(1610,5103104704,15.4332845,47.072546,'HERZLich Laden','https://jaw.or.at/ueber-uns/standorte/einrichtung/s/herzlich/'),(1611,5104950282,15.411148,47.0990714,'SchiRie','http://www.schirie.at/de/kontakt/'),(1612,5114886974,15.440073,47.0702817,'Juwelier Gressl','http://www.gressl.com'),(1613,5114886975,15.4400761,47.0704272,'Mothwurf Shop','http://www.mothwurf.com/store/shop-graz/'),(1614,5116596193,15.4340866,47.0658533,'sommer.1916','http://www.sir-hemden.at'),(1615,5128138321,15.4124279,47.0653341,'Boesner','https://www.boesner.at/niederlassungen/graz'),(1616,5128534644,15.4405784,47.0704512,'Unterwäsche Herunter',''),(1617,5130342722,15.4635867,47.0354365,'Bipa',''),(1618,5131432623,15.4437789,47.0780645,'Blumen Geidorf',''),(1619,5147474662,15.4310014,47.0743839,'Talianu',''),(1620,5186551324,15.4324495,47.0737306,'Der Käsegeneral','http://kaesegeneral.at/'),(1621,5199690631,15.407773,47.0684152,'Spar',''),(1622,5214987523,15.4416738,47.0724405,'Theaterkasse',''),(1623,5230059423,15.420785,47.0497207,'Penny Markt',''),(1624,5230251921,15.4736857,47.0985605,'Penny Markt',''),(1625,5235065654,15.4393497,47.0380321,'Spar','https://www.spar.at/content/website_spar_at/de_AT/index/standorte.html'),(1626,5241409970,15.4154389,47.0472541,'Tabak Trafik',''),(1627,5255323344,15.439386,47.0725547,'Hofring',''),(1628,5261780325,15.4485004,47.0535912,'Trafik Wieser',''),(1629,5303215307,15.4084177,47.0698332,'Halici',''),(1630,5308099163,15.4009726,47.0673823,'Beauty-Institut Luxury',''),(1631,5308702228,15.4421317,47.0607198,'tim-Sevice-Center',''),(1632,5323476273,15.4213211,47.0472011,'Blumen Engele',''),(1633,5323476275,15.4264918,47.0602282,'Sabine',''),(1634,5323476276,15.4267444,47.0606502,'Tchibo',''),(1635,5325871824,15.4393307,47.0381657,'Spar',''),(1636,5367911584,15.4480656,47.0722275,'Weinhandel Kohlbacher','http://www.weinhandel-kohlbacher.at/'),(1637,5409413202,15.3960812,47.0383231,'Martin Auer',''),(1638,5409413207,15.3959927,47.0386119,'Spar',''),(1639,5416612462,15.4336898,47.0638974,'Loden Fürst','http://lodenfuerst.at/kontakt'),(1640,5422925321,15.4421401,47.0660448,'Lust Spiel','http://www.lust-spiel.at'),(1641,5428915377,15.4527452,47.0725237,'time 4 beauty',''),(1642,5430297622,15.475846,47.0991833,'Billa','http://www.billa.at'),(1643,5443188821,15.4305836,47.0635736,'Easy Asia','http://www.easyasia.at'),(1644,5445338239,15.4719425,47.0567156,'Hairdreams Center','http://www.hairdreamscenter.at/graz'),(1647,5536615311,15.4395594,47.0671369,'das Dekagramm',''),(1648,5549683049,15.4259001,47.0710856,'Spielewerk','http://www.spielewerk.at'),(1649,5584603284,15.4010046,47.0473261,'Sailorama Segelreisen','https://sailorama-segelreisen.at'),(1650,5681903028,15.4430857,47.0639,'Classic GmbH',''),(1651,5681941526,15.4405674,47.0701123,'Konrad & Fink GmbH','http://www.konradundfink.at/'),(1652,5699875715,15.4473432,47.0659775,'Manuel Essl Design',''),(1653,5699875717,15.4287742,47.072353,'Stoichart Leder',''),(1654,5702451548,15.4660549,47.0663515,'Atelier Messner',''),(1655,5713866806,15.43182,47.0329412,'Spar',''),(1656,5723523644,15.4528161,47.0499504,'Reifen Weichberger','https://www.weichberger.at/cms/graz-evangelimanngasse'),(1657,5723523661,15.4520326,47.0501633,'Forstinger','https://www.forstinger.com/'),(1658,5723559080,15.415889,47.0823708,'Reifen Weichberger','https://www.weichberger.at/cms/graz-bahnhofguertel'),(1659,5736277366,15.4340222,47.0663221,'wirecube GmbH','https://www.wirecube.at/'),(1660,5758320383,15.4355829,47.0869737,'you style international','http://www.you-style.at/impressum/'),(1661,5776991668,15.4378819,47.0692562,'Dance Store','http://dancestore.at/'),(1663,5787479637,15.4154273,47.0499333,'Weber Grillcenter',''),(1664,5798445021,15.4009803,47.0691638,'Bogensport Kaufmann','http://www.bogensport-bogenbau.at/'),(1665,5812629890,15.3982931,47.1048915,'Geschenkeparadies',''),(1666,5839720415,15.4650441,47.0648815,'Der Einrichter','http://www.der-einrichter.at/kontakt/'),(1667,5839720416,15.464668,47.0644638,'EndlichGutSchlafen','https://www.endlichgutschlafen.at/kontakt/'),(1668,5848250853,15.3944278,47.0471516,'Massage Ausbildungszentrum Bergler','https://www.bergler.at/de/impressum/'),(1669,5851177628,15.4097706,47.0702538,'Blessed Favour Shop',''),(1670,5851177629,15.4086888,47.0703211,'Worldtour Travel GmbH','http://www.worldtour.at/'),(1671,5873403748,15.4013089,47.0688876,'kostnix-Laden Eggenlend',''),(1672,5873432006,15.430679,47.0648509,'R.U.S.Z. Graz',''),(1673,5873456541,15.4360267,47.0494984,'ÖKO-Geschirrverleih Alles-Event',''),(1674,5905942464,15.4651556,47.0401253,'Blumen Edler',''),(1675,5905942466,15.4648419,47.0403574,'Bipa',''),(1676,5905942467,15.4650479,47.0402987,'Libro',''),(1677,5907143758,15.4384303,47.0807239,'Hubert Auer',''),(1678,5927601453,15.44893,47.0718479,'Schöne Dinge',''),(1679,5927601454,15.4400687,47.072582,'TASH LIVING','https://www.tash-living.at/'),(1680,5928457930,15.464046,47.0797529,'Kern','');
/*!40000 ALTER TABLE `shops` ENABLE KEYS */;
UNLOCK TABLES;
/*!40103 SET TIME_ZONE=@OLD_TIME_ZONE */;

/*!40101 SET SQL_MODE=@OLD_SQL_MODE */;
/*!40014 SET FOREIGN_KEY_CHECKS=@OLD_FOREIGN_KEY_CHECKS */;
/*!40014 SET UNIQUE_CHECKS=@OLD_UNIQUE_CHECKS */;
/*!40101 SET CHARACTER_SET_CLIENT=@OLD_CHARACTER_SET_CLIENT */;
/*!40101 SET CHARACTER_SET_RESULTS=@OLD_CHARACTER_SET_RESULTS */;
/*!40101 SET COLLATION_CONNECTION=@OLD_COLLATION_CONNECTION */;
/*!40111 SET SQL_NOTES=@OLD_SQL_NOTES */;

-- Dump completed on 2018-12-02 14:08:34
